"statusmessage","signaturetype","isosbinary","issuer","subject","Name","Path"
"File not found",,,,,"CL_Invocation.ps1","C:\Windows\diagnostics\system\AERO\CL_Invocation.ps1"
"Signature verified.","Catalog","True","CN=Microsoft Windows Production PCA 2011, O=Microsoft Corporation, L=Redmond, S=Washington, C=US","CN=Microsoft Windows, O=Microsoft Corporation, L=Redmond, S=Washington, C=US","CL_Invocation.ps1","C:\Windows\diagnostics\system\Audio\CL_Invocation.ps1"
"File not found",,,,,"CL_Invocation.ps1","C:\Windows\diagnostics\system\WindowsUpdate\CL_Invocation.ps1"
"Signature verified.","Catalog","True","CN=Microsoft Windows Production PCA 2011, O=Microsoft Corporation, L=Redmond, S=Washington, C=US","CN=Microsoft Windows, O=Microsoft Corporation, L=Redmond, S=Washington, C=US","winrm.vbs","C:\Windows\System32\winrm.vbs"
"Signature verified.","Catalog","True","CN=Microsoft Windows Production PCA 2011, O=Microsoft Corporation, L=Redmond, S=Washington, C=US","CN=Microsoft Windows, O=Microsoft Corporation, L=Redmond, S=Washington, C=US","winrm.vbs","C:\Windows\SysWOW64\winrm.vbs"
"File not found",,,,,"CL_Mutexverifiers.ps1","C:\Windows\diagnostics\system\WindowsUpdate\CL_Mutexverifiers.ps1"
"File not found",,,,,"CL_Mutexverifiers.ps1","C:\Windows\diagnostics\system\Audio\CL_Mutexverifiers.ps1"
"File not found",,,,,"CL_Mutexverifiers.ps1","C:\Windows\diagnostics\system\WindowsUpdate\CL_Mutexverifiers.ps1"
"Signature verified.","Catalog","True","CN=Microsoft Windows Production PCA 2011, O=Microsoft Corporation, L=Redmond, S=Washington, C=US","CN=Microsoft Windows, O=Microsoft Corporation, L=Redmond, S=Washington, C=US","CL_Mutexverifiers.ps1","C:\Windows\diagnostics\system\Video\CL_Mutexverifiers.ps1"
"File not found",,,,,"CL_Mutexverifiers.ps1","C:\Windows\diagnostics\system\Speech\CL_Mutexverifiers.ps1"
"Signature verified.","Catalog","True","CN=Microsoft Windows Production PCA 2011, O=Microsoft Corporation, L=Redmond, S=Washington, C=US","CN=Microsoft Windows, O=Microsoft Corporation, L=Redmond, S=Washington, C=US","UtilityFunctions.ps1","C:\Windows\diagnostics\system\Networking\UtilityFunctions.ps1"
"Signature verified.","Catalog","True","CN=Microsoft Windows Production PCA 2011, O=Microsoft Corporation, L=Redmond, S=Washington, C=US","CN=Microsoft Windows, O=Microsoft Corporation, L=Redmond, S=Washington, C=US","Syncappvpublishingserver.vbs","C:\Windows\System32\SyncAppvPublishingServer.vbs"
"Signature verified.","Catalog","True","CN=Microsoft Windows Production PCA 2011, O=Microsoft Corporation, L=Redmond, S=Washington, C=US","CN=Microsoft Windows, O=Microsoft Corporation, L=Redmond, S=Washington, C=US","Pester.bat","c:\Program Files\WindowsPowerShell\Modules\Pester\3.4.0\bin\Pester.bat"
"Signature verified.","Catalog","True","CN=Microsoft Windows Production PCA 2011, O=Microsoft Corporation, L=Redmond, S=Washington, C=US","CN=Microsoft Windows, O=Microsoft Corporation, L=Redmond, S=Washington, C=US","Pester.bat","c:\Program Files\WindowsPowerShell\Modules\Pester\*\bin\Pester.bat"
"Signature verified.","Catalog","True","CN=Microsoft Windows Production PCA 2011, O=Microsoft Corporation, L=Redmond, S=Washington, C=US","CN=Microsoft Windows, O=Microsoft Corporation, L=Redmond, S=Washington, C=US","Manage-bde.wsf","C:\Windows\System32\manage-bde.wsf"
"Signature verified.","Catalog","True","CN=Microsoft Windows Production PCA 2011, O=Microsoft Corporation, L=Redmond, S=Washington, C=US","CN=Microsoft Windows, O=Microsoft Corporation, L=Redmond, S=Washington, C=US","CL_LoadAssembly.ps1","C:\Windows\diagnostics\system\Audio\CL_LoadAssembly.ps1"
"Signature verified.","Catalog","True","CN=Microsoft Windows Production PCA 2011, O=Microsoft Corporation, L=Redmond, S=Washington, C=US","CN=Microsoft Windows, O=Microsoft Corporation, L=Redmond, S=Washington, C=US","Pubprn.vbs","C:\Windows\System32\Printing_Admin_Scripts\en-US\pubprn.vbs"
"Signature verified.","Catalog","True","CN=Microsoft Windows Production PCA 2011, O=Microsoft Corporation, L=Redmond, S=Washington, C=US","CN=Microsoft Windows, O=Microsoft Corporation, L=Redmond, S=Washington, C=US","Pubprn.vbs","C:\Windows\SysWOW64\Printing_Admin_Scripts\en-US\pubprn.vbs"
"File not found",,,,,"Dfshim.dll","C:\Windows\Microsoft.NET\Framework\v2.0.50727\Dfsvc.exe"
"File not found",,,,,"Dfshim.dll","C:\Windows\Microsoft.NET\Framework64\v2.0.50727\Dfsvc.exe"
"Signature verified.","Catalog","True","CN=Microsoft Windows Production PCA 2011, O=Microsoft Corporation, L=Redmond, S=Washington, C=US","CN=Microsoft Windows, O=Microsoft Corporation, L=Redmond, S=Washington, C=US","Dfshim.dll","C:\Windows\Microsoft.NET\Framework\v4.0.30319\Dfsvc.exe"
"Signature verified.","Catalog","True","CN=Microsoft Windows Production PCA 2011, O=Microsoft Corporation, L=Redmond, S=Washington, C=US","CN=Microsoft Windows, O=Microsoft Corporation, L=Redmond, S=Washington, C=US","Dfshim.dll","C:\Windows\Microsoft.NET\Framework64\v4.0.30319\Dfsvc.exe"
"Signature verified.","Catalog","True","CN=Microsoft Windows Production PCA 2011, O=Microsoft Corporation, L=Redmond, S=Washington, C=US","CN=Microsoft Windows, O=Microsoft Corporation, L=Redmond, S=Washington, C=US","Pcwutl.dll","c:\windows\system32\pcwutl.dll"
"File not found",,,,,"Pcwutl.dll","c:\windows\syswow64\pcwutl.dll"
"Signature verified.","Catalog","True","CN=Microsoft Windows Production PCA 2011, O=Microsoft Corporation, L=Redmond, S=Washington, C=US","CN=Microsoft Windows, O=Microsoft Corporation, L=Redmond, S=Washington, C=US","Url.dll","c:\windows\system32\url.dll"
"Signature verified.","Catalog","True","CN=Microsoft Windows Production PCA 2011, O=Microsoft Corporation, L=Redmond, S=Washington, C=US","CN=Microsoft Windows, O=Microsoft Corporation, L=Redmond, S=Washington, C=US","Url.dll","c:\windows\syswow64\url.dll"
"Signature verified.","Catalog","True","CN=Microsoft Windows Production PCA 2011, O=Microsoft Corporation, L=Redmond, S=Washington, C=US","CN=Microsoft Windows, O=Microsoft Corporation, L=Redmond, S=Washington, C=US","Zipfldr.dll","c:\windows\system32\zipfldr.dll"
"Signature verified.","Catalog","True","CN=Microsoft Windows Production PCA 2011, O=Microsoft Corporation, L=Redmond, S=Washington, C=US","CN=Microsoft Windows, O=Microsoft Corporation, L=Redmond, S=Washington, C=US","Zipfldr.dll","c:\windows\syswow64\zipfldr.dll"
"Signature verified.","Catalog","True","CN=Microsoft Windows Production PCA 2011, O=Microsoft Corporation, L=Redmond, S=Washington, C=US","CN=Microsoft Windows, O=Microsoft Corporation, L=Redmond, S=Washington, C=US","Ieadvpack.dll","c:\windows\system32\ieadvpack.dll"
"Signature verified.","Catalog","True","CN=Microsoft Windows Production PCA 2011, O=Microsoft Corporation, L=Redmond, S=Washington, C=US","CN=Microsoft Windows, O=Microsoft Corporation, L=Redmond, S=Washington, C=US","Ieadvpack.dll","c:\windows\syswow64\ieadvpack.dll"
"Signature verified.","Catalog","True","CN=Microsoft Windows Production PCA 2011, O=Microsoft Corporation, L=Redmond, S=Washington, C=US","CN=Microsoft Windows, O=Microsoft Corporation, L=Redmond, S=Washington, C=US","Ieaframe.dll","c:\windows\system32\ieframe.dll"
"Signature verified.","Catalog","True","CN=Microsoft Windows Production PCA 2011, O=Microsoft Corporation, L=Redmond, S=Washington, C=US","CN=Microsoft Windows, O=Microsoft Corporation, L=Redmond, S=Washington, C=US","Ieaframe.dll","c:\windows\syswow64\ieframe.dll"
"Signature verified.","Catalog","True","CN=Microsoft Windows Production PCA 2011, O=Microsoft Corporation, L=Redmond, S=Washington, C=US","CN=Microsoft Windows, O=Microsoft Corporation, L=Redmond, S=Washington, C=US","Advpack.dll","c:\windows\system32\advpack.dll"
"Signature verified.","Catalog","True","CN=Microsoft Windows Production PCA 2011, O=Microsoft Corporation, L=Redmond, S=Washington, C=US","CN=Microsoft Windows, O=Microsoft Corporation, L=Redmond, S=Washington, C=US","Advpack.dll","c:\windows\syswow64\advpack.dll"
"Signature verified.","Catalog","True","CN=Microsoft Windows Production PCA 2011, O=Microsoft Corporation, L=Redmond, S=Washington, C=US","CN=Microsoft Windows, O=Microsoft Corporation, L=Redmond, S=Washington, C=US","Syssetup.dll","c:\windows\system32\syssetup.dll"
"Signature verified.","Catalog","True","CN=Microsoft Windows Production PCA 2011, O=Microsoft Corporation, L=Redmond, S=Washington, C=US","CN=Microsoft Windows, O=Microsoft Corporation, L=Redmond, S=Washington, C=US","Syssetup.dll","c:\windows\syswow64\syssetup.dll"
"Signature verified.","Catalog","True","CN=Microsoft Windows Production PCA 2011, O=Microsoft Corporation, L=Redmond, S=Washington, C=US","CN=Microsoft Windows, O=Microsoft Corporation, L=Redmond, S=Washington, C=US","Shell32.dll","c:\windows\system32\shell32.dll"
"Signature verified.","Catalog","True","CN=Microsoft Windows Production PCA 2011, O=Microsoft Corporation, L=Redmond, S=Washington, C=US","CN=Microsoft Windows, O=Microsoft Corporation, L=Redmond, S=Washington, C=US","Shell32.dll","c:\windows\syswow64\shell32.dll"
"Signature verified.","Catalog","True","CN=Microsoft Windows Production PCA 2011, O=Microsoft Corporation, L=Redmond, S=Washington, C=US","CN=Microsoft Windows, O=Microsoft Corporation, L=Redmond, S=Washington, C=US","Setupapi.dll","c:\windows\system32\setupapi.dll"
"Signature verified.","Catalog","True","CN=Microsoft Windows Production PCA 2011, O=Microsoft Corporation, L=Redmond, S=Washington, C=US","CN=Microsoft Windows, O=Microsoft Corporation, L=Redmond, S=Washington, C=US","Setupapi.dll","c:\windows\syswow64\setupapi.dll"
"Signature verified.","Catalog","True","CN=Microsoft Windows Production PCA 2011, O=Microsoft Corporation, L=Redmond, S=Washington, C=US","CN=Microsoft Windows, O=Microsoft Corporation, L=Redmond, S=Washington, C=US","Shdocvw.dll","c:\windows\system32\shdocvw.dll"
"Signature verified.","Catalog","True","CN=Microsoft Windows Production PCA 2011, O=Microsoft Corporation, L=Redmond, S=Washington, C=US","CN=Microsoft Windows, O=Microsoft Corporation, L=Redmond, S=Washington, C=US","Shdocvw.dll","c:\windows\syswow64\shdocvw.dll"
"Signature verified.","Catalog","True","CN=Microsoft Windows Production PCA 2011, O=Microsoft Corporation, L=Redmond, S=Washington, C=US","CN=Microsoft Windows, O=Microsoft Corporation, L=Redmond, S=Washington, C=US","Mshtml.dll","c:\windows\system32\mshtml.dll"
"Signature verified.","Catalog","True","CN=Microsoft Windows Production PCA 2011, O=Microsoft Corporation, L=Redmond, S=Washington, C=US","CN=Microsoft Windows, O=Microsoft Corporation, L=Redmond, S=Washington, C=US","Mshtml.dll","c:\windows\syswow64\mshtml.dll"
"Signature verified.","Catalog","True","CN=Microsoft Windows Production PCA 2011, O=Microsoft Corporation, L=Redmond, S=Washington, C=US","CN=Microsoft Windows, O=Microsoft Corporation, L=Redmond, S=Washington, C=US","Comsvcs.dll","c:\windows\system32\comsvcs.dll"
"File not found",,,,,"Regsvcs.exe","C:\Windows\System32\regsvcs.exe"
"File not found",,,,,"Regsvcs.exe","C:\Windows\SysWOW64\regsvcs.exe"
"File not found",,,,,"OneDriveStandaloneUpdater.exe","%localappdata%\Microsoft\OneDrive\OneDriveStandaloneUpdater.exe"
"Signature verified.","Catalog","True","CN=Microsoft Windows Production PCA 2011, O=Microsoft Corporation, L=Redmond, S=Washington, C=US","CN=Microsoft Windows, O=Microsoft Corporation, L=Redmond, S=Washington, C=US","Ftp.exe","C:\Windows\System32\ftp.exe"
"Signature verified.","Catalog","True","CN=Microsoft Windows Production PCA 2011, O=Microsoft Corporation, L=Redmond, S=Washington, C=US","CN=Microsoft Windows, O=Microsoft Corporation, L=Redmond, S=Washington, C=US","Ftp.exe","C:\Windows\SysWOW64\ftp.exe"
"File not found",,,,,"Dfsvc.exe","C:\Windows\Microsoft.NET\Framework\v2.0.50727\Dfsvc.exe"
"File not found",,,,,"Dfsvc.exe","C:\Windows\Microsoft.NET\Framework64\v2.0.50727\Dfsvc.exe"
"Signature verified.","Catalog","True","CN=Microsoft Windows Production PCA 2011, O=Microsoft Corporation, L=Redmond, S=Washington, C=US","CN=Microsoft Windows, O=Microsoft Corporation, L=Redmond, S=Washington, C=US","Dfsvc.exe","C:\Windows\Microsoft.NET\Framework\v4.0.30319\Dfsvc.exe"
"Signature verified.","Catalog","True","CN=Microsoft Windows Production PCA 2011, O=Microsoft Corporation, L=Redmond, S=Washington, C=US","CN=Microsoft Windows, O=Microsoft Corporation, L=Redmond, S=Washington, C=US","Dfsvc.exe","C:\Windows\Microsoft.NET\Framework64\v4.0.30319\Dfsvc.exe"
"Signature verified.","Catalog","True","CN=Microsoft Windows Production PCA 2011, O=Microsoft Corporation, L=Redmond, S=Washington, C=US","CN=Microsoft Windows, O=Microsoft Corporation, L=Redmond, S=Washington, C=US","OfflineScannerShell.exe","C:\Program Files\Windows Defender\Offline\OfflineScannerShell.exe"
"Signature verified.","Catalog","True","CN=Microsoft Windows Production PCA 2011, O=Microsoft Corporation, L=Redmond, S=Washington, C=US","CN=Microsoft Windows, O=Microsoft Corporation, L=Redmond, S=Washington, C=US","Rasautou.exe","C:\Windows\System32\rasautou.exe"
"Signature verified.","Catalog","True","CN=Microsoft Windows Production PCA 2011, O=Microsoft Corporation, L=Redmond, S=Washington, C=US","CN=Microsoft Windows, O=Microsoft Corporation, L=Redmond, S=Washington, C=US","Schtasks.exe","c:\windows\system32\schtasks.exe"
"Signature verified.","Catalog","True","CN=Microsoft Windows Production PCA 2011, O=Microsoft Corporation, L=Redmond, S=Washington, C=US","CN=Microsoft Windows, O=Microsoft Corporation, L=Redmond, S=Washington, C=US","Schtasks.exe","c:\windows\syswow64\schtasks.exe"
"Signature verified.","Catalog","True","CN=Microsoft Windows Production PCA 2011, O=Microsoft Corporation, L=Redmond, S=Washington, C=US","CN=Microsoft Windows, O=Microsoft Corporation, L=Redmond, S=Washington, C=US","CertReq.exe","C:\Windows\System32\certreq.exe"
"Signature verified.","Catalog","True","CN=Microsoft Windows Production PCA 2011, O=Microsoft Corporation, L=Redmond, S=Washington, C=US","CN=Microsoft Windows, O=Microsoft Corporation, L=Redmond, S=Washington, C=US","CertReq.exe","C:\Windows\SysWOW64\certreq.exe"
"Signature verified.","Catalog","True","CN=Microsoft Windows Production PCA 2011, O=Microsoft Corporation, L=Redmond, S=Washington, C=US","CN=Microsoft Windows, O=Microsoft Corporation, L=Redmond, S=Washington, C=US","Pktmon.exe","c:\windows\system32\pktmon.exe"
"File not found",,,,,"Pktmon.exe","c:\windows\syswow64\pktmon.exe"
"Signature verified.","Catalog","True","CN=Microsoft Windows Production PCA 2011, O=Microsoft Corporation, L=Redmond, S=Washington, C=US","CN=Microsoft Windows, O=Microsoft Corporation, L=Redmond, S=Washington, C=US","Xwizard.exe","C:\Windows\System32\xwizard.exe"
"Signature verified.","Catalog","True","CN=Microsoft Windows Production PCA 2011, O=Microsoft Corporation, L=Redmond, S=Washington, C=US","CN=Microsoft Windows, O=Microsoft Corporation, L=Redmond, S=Washington, C=US","Xwizard.exe","C:\Windows\SysWOW64\xwizard.exe"
"Signature verified.","Catalog","True","CN=Microsoft Windows Production PCA 2011, O=Microsoft Corporation, L=Redmond, S=Washington, C=US","CN=Microsoft Windows, O=Microsoft Corporation, L=Redmond, S=Washington, C=US","Findstr.exe","C:\Windows\System32\findstr.exe"
"Signature verified.","Catalog","True","CN=Microsoft Windows Production PCA 2011, O=Microsoft Corporation, L=Redmond, S=Washington, C=US","CN=Microsoft Windows, O=Microsoft Corporation, L=Redmond, S=Washington, C=US","Findstr.exe","C:\Windows\SysWOW64\findstr.exe"
"Signature verified.","Catalog","True","CN=Microsoft Windows Production PCA 2011, O=Microsoft Corporation, L=Redmond, S=Washington, C=US","CN=Microsoft Windows, O=Microsoft Corporation, L=Redmond, S=Washington, C=US","Esentutl.exe","C:\Windows\System32\esentutl.exe"
"Signature verified.","Catalog","True","CN=Microsoft Windows Production PCA 2011, O=Microsoft Corporation, L=Redmond, S=Washington, C=US","CN=Microsoft Windows, O=Microsoft Corporation, L=Redmond, S=Washington, C=US","Esentutl.exe","C:\Windows\SysWOW64\esentutl.exe"
"Signature verified.","Catalog","True","CN=Microsoft Windows Production PCA 2011, O=Microsoft Corporation, L=Redmond, S=Washington, C=US","CN=Microsoft Windows, O=Microsoft Corporation, L=Redmond, S=Washington, C=US","Dllhost.exe","C:\Windows\System32\dllhost.exe"
"Signature verified.","Catalog","True","CN=Microsoft Windows Production PCA 2011, O=Microsoft Corporation, L=Redmond, S=Washington, C=US","CN=Microsoft Windows, O=Microsoft Corporation, L=Redmond, S=Washington, C=US","Dllhost.exe","C:\Windows\SysWOW64\dllhost.exe"
"Signature verified.","Catalog","True","CN=Microsoft Windows Production PCA 2011, O=Microsoft Corporation, L=Redmond, S=Washington, C=US","CN=Microsoft Windows, O=Microsoft Corporation, L=Redmond, S=Washington, C=US","Cscript.exe","C:\Windows\System32\cscript.exe"
"Signature verified.","Catalog","True","CN=Microsoft Windows Production PCA 2011, O=Microsoft Corporation, L=Redmond, S=Washington, C=US","CN=Microsoft Windows, O=Microsoft Corporation, L=Redmond, S=Washington, C=US","Cscript.exe","C:\Windows\SysWOW64\cscript.exe"
"Signature verified.","Catalog","True","CN=Microsoft Windows Production PCA 2011, O=Microsoft Corporation, L=Redmond, S=Washington, C=US","CN=Microsoft Windows, O=Microsoft Corporation, L=Redmond, S=Washington, C=US","Reg.exe","C:\Windows\System32\reg.exe"
"Signature verified.","Catalog","True","CN=Microsoft Windows Production PCA 2011, O=Microsoft Corporation, L=Redmond, S=Washington, C=US","CN=Microsoft Windows, O=Microsoft Corporation, L=Redmond, S=Washington, C=US","Reg.exe","C:\Windows\SysWOW64\reg.exe"
"Signature verified.","Catalog","True","CN=Microsoft Windows Production PCA 2011, O=Microsoft Corporation, L=Redmond, S=Washington, C=US","CN=Microsoft Windows, O=Microsoft Corporation, L=Redmond, S=Washington, C=US","IMEWDBLD.exe","C:\Windows\System32\IME\SHARED\IMEWDBLD.exe"
"Signature verified.","Catalog","True","CN=Microsoft Windows Production PCA 2011, O=Microsoft Corporation, L=Redmond, S=Washington, C=US","CN=Microsoft Windows, O=Microsoft Corporation, L=Redmond, S=Washington, C=US","Csc.exe","C:\Windows\Microsoft.NET\Framework\v4.0.30319\Csc.exe"
"Signature verified.","Catalog","True","CN=Microsoft Windows Production PCA 2011, O=Microsoft Corporation, L=Redmond, S=Washington, C=US","CN=Microsoft Windows, O=Microsoft Corporation, L=Redmond, S=Washington, C=US","Csc.exe","C:\Windows\Microsoft.NET\Framework64\v4.0.30319\Csc.exe"
"Signature verified.","Catalog","True","CN=Microsoft Windows Production PCA 2011, O=Microsoft Corporation, L=Redmond, S=Washington, C=US","CN=Microsoft Windows, O=Microsoft Corporation, L=Redmond, S=Washington, C=US","Pnputil.exe","C:\Windows\system32\pnputil.exe"
"Signature verified.","Catalog","True","CN=Microsoft Windows Production PCA 2011, O=Microsoft Corporation, L=Redmond, S=Washington, C=US","CN=Microsoft Windows, O=Microsoft Corporation, L=Redmond, S=Washington, C=US","Atbroker.exe","C:\Windows\System32\Atbroker.exe"
"Signature verified.","Catalog","True","CN=Microsoft Windows Production PCA 2011, O=Microsoft Corporation, L=Redmond, S=Washington, C=US","CN=Microsoft Windows, O=Microsoft Corporation, L=Redmond, S=Washington, C=US","Atbroker.exe","C:\Windows\SysWOW64\Atbroker.exe"
"File not found",,,,,"DataSvcUtil.exe","C:\Windows\Microsoft.NET\Framework64\v3.5\DataSvcUtil.exe"
"File not found",,,,,"AppInstaller.exe","C:\Program Files\WindowsApps\Microsoft.DesktopAppInstaller_1.11.2521.0_x64__8wekyb3d8bbwe\AppInstaller.exe"
"Signature verified.","Catalog","True","CN=Microsoft Windows Production PCA 2011, O=Microsoft Corporation, L=Redmond, S=Washington, C=US","CN=Microsoft Windows, O=Microsoft Corporation, L=Redmond, S=Washington, C=US","Print.exe","C:\Windows\System32\print.exe"
"Signature verified.","Catalog","True","CN=Microsoft Windows Production PCA 2011, O=Microsoft Corporation, L=Redmond, S=Washington, C=US","CN=Microsoft Windows, O=Microsoft Corporation, L=Redmond, S=Washington, C=US","Print.exe","C:\Windows\SysWOW64\print.exe"
"Signature verified.","Catalog","True","CN=Microsoft Windows Production PCA 2011, O=Microsoft Corporation, L=Redmond, S=Washington, C=US","CN=Microsoft Windows, O=Microsoft Corporation, L=Redmond, S=Washington, C=US","Pcwrun.exe","C:\Windows\System32\pcwrun.exe"
"Signature verified.","Catalog","True","CN=Microsoft Windows Production PCA 2011, O=Microsoft Corporation, L=Redmond, S=Washington, C=US","CN=Microsoft Windows, O=Microsoft Corporation, L=Redmond, S=Washington, C=US","vbc.exe","C:\Windows\Microsoft.NET\Framework64\v4.0.30319\vbc.exe"
"File not found",,,,,"vbc.exe","C:\Windows\Microsoft.NET\Framework64\v3.5\vbc.exe"
"File not found",,,,,"Diantz.exe","c:\windows\system32\diantz.exe"
"File not found",,,,,"Diantz.exe","c:\windows\syswow64\diantz.exe"
"Signature verified.","Catalog","True","CN=Microsoft Windows Production PCA 2011, O=Microsoft Corporation, L=Redmond, S=Washington, C=US","CN=Microsoft Windows, O=Microsoft Corporation, L=Redmond, S=Washington, C=US","Rpcping.exe","C:\Windows\System32\rpcping.exe"
"Signature verified.","Catalog","True","CN=Microsoft Windows Production PCA 2011, O=Microsoft Corporation, L=Redmond, S=Washington, C=US","CN=Microsoft Windows, O=Microsoft Corporation, L=Redmond, S=Washington, C=US","Rpcping.exe","C:\Windows\SysWOW64\rpcping.exe"
"Signature verified.","Catalog","True","CN=Microsoft Windows Production PCA 2011, O=Microsoft Corporation, L=Redmond, S=Washington, C=US","CN=Microsoft Windows, O=Microsoft Corporation, L=Redmond, S=Washington, C=US","Wsreset.exe","C:\Windows\System32\wsreset.exe"
"Signature verified.","Catalog","True","CN=Microsoft Windows Production PCA 2011, O=Microsoft Corporation, L=Redmond, S=Washington, C=US","CN=Microsoft Windows, O=Microsoft Corporation, L=Redmond, S=Washington, C=US","Ttdinject.exe","C:\Windows\System32\ttdinject.exe"
"Signature verified.","Catalog","True","CN=Microsoft Windows Production PCA 2011, O=Microsoft Corporation, L=Redmond, S=Washington, C=US","CN=Microsoft Windows, O=Microsoft Corporation, L=Redmond, S=Washington, C=US","Ttdinject.exe","C:\Windows\Syswow64\ttdinject.exe"
"Signature verified.","Catalog","True","CN=Microsoft Windows Production PCA 2011, O=Microsoft Corporation, L=Redmond, S=Washington, C=US","CN=Microsoft Windows, O=Microsoft Corporation, L=Redmond, S=Washington, C=US","Ilasm.exe","C:\Windows\Microsoft.NET\Framework\v4.0.30319\ilasm.exe"
"Signature verified.","Catalog","True","CN=Microsoft Windows Production PCA 2011, O=Microsoft Corporation, L=Redmond, S=Washington, C=US","CN=Microsoft Windows, O=Microsoft Corporation, L=Redmond, S=Washington, C=US","Ilasm.exe","C:\Windows\Microsoft.NET\Framework64\v4.0.30319\ilasm.exe"
"Signature verified.","Catalog","True","CN=Microsoft Windows Production PCA 2011, O=Microsoft Corporation, L=Redmond, S=Washington, C=US","CN=Microsoft Windows, O=Microsoft Corporation, L=Redmond, S=Washington, C=US","Certutil.exe","C:\Windows\System32\certutil.exe"
"Signature verified.","Catalog","True","CN=Microsoft Windows Production PCA 2011, O=Microsoft Corporation, L=Redmond, S=Washington, C=US","CN=Microsoft Windows, O=Microsoft Corporation, L=Redmond, S=Washington, C=US","Certutil.exe","C:\Windows\SysWOW64\certutil.exe"
"Signature verified.","Catalog","True","CN=Microsoft Windows Production PCA 2011, O=Microsoft Corporation, L=Redmond, S=Washington, C=US","CN=Microsoft Windows, O=Microsoft Corporation, L=Redmond, S=Washington, C=US","Replace.exe","C:\Windows\System32\replace.exe"
"Signature verified.","Catalog","True","CN=Microsoft Windows Production PCA 2011, O=Microsoft Corporation, L=Redmond, S=Washington, C=US","CN=Microsoft Windows, O=Microsoft Corporation, L=Redmond, S=Washington, C=US","Replace.exe","C:\Windows\SysWOW64\replace.exe"
"Signature verified.","Catalog","True","CN=Microsoft Windows Production PCA 2011, O=Microsoft Corporation, L=Redmond, S=Washington, C=US","CN=Microsoft Windows, O=Microsoft Corporation, L=Redmond, S=Washington, C=US","Mshta.exe","C:\Windows\System32\mshta.exe"
"Signature verified.","Catalog","True","CN=Microsoft Windows Production PCA 2011, O=Microsoft Corporation, L=Redmond, S=Washington, C=US","CN=Microsoft Windows, O=Microsoft Corporation, L=Redmond, S=Washington, C=US","Mshta.exe","C:\Windows\SysWOW64\mshta.exe"
"Signature verified.","Catalog","True","CN=Microsoft Windows Production PCA 2011, O=Microsoft Corporation, L=Redmond, S=Washington, C=US","CN=Microsoft Windows, O=Microsoft Corporation, L=Redmond, S=Washington, C=US","Bitsadmin.exe","C:\Windows\System32\bitsadmin.exe"
"Signature verified.","Catalog","True","CN=Microsoft Windows Production PCA 2011, O=Microsoft Corporation, L=Redmond, S=Washington, C=US","CN=Microsoft Windows, O=Microsoft Corporation, L=Redmond, S=Washington, C=US","Bitsadmin.exe","C:\Windows\SysWOW64\bitsadmin.exe"
"Signature verified.","Catalog","True","CN=Microsoft Windows Production PCA 2011, O=Microsoft Corporation, L=Redmond, S=Washington, C=US","CN=Microsoft Windows, O=Microsoft Corporation, L=Redmond, S=Washington, C=US","Wscript.exe","C:\Windows\System32\wscript.exe"
"Signature verified.","Catalog","True","CN=Microsoft Windows Production PCA 2011, O=Microsoft Corporation, L=Redmond, S=Washington, C=US","CN=Microsoft Windows, O=Microsoft Corporation, L=Redmond, S=Washington, C=US","Wscript.exe","C:\Windows\SysWOW64\wscript.exe"
"File not found",,,,,"CertOC.exe","c:\windows\system32\certoc.exe"
"File not found",,,,,"CertOC.exe","c:\windows\syswow64\certoc.exe"
"File not found",,,,,"Ieexec.exe","C:\Windows\Microsoft.NET\Framework\v2.0.50727\ieexec.exe"
"File not found",,,,,"Ieexec.exe","C:\Windows\Microsoft.NET\Framework64\v2.0.50727\ieexec.exe"
"Signature verified.","Catalog","True","CN=Microsoft Windows Production PCA 2011, O=Microsoft Corporation, L=Redmond, S=Washington, C=US","CN=Microsoft Windows, O=Microsoft Corporation, L=Redmond, S=Washington, C=US","Cmd.exe","C:\Windows\System32\cmd.exe"
"Signature verified.","Catalog","True","CN=Microsoft Windows Production PCA 2011, O=Microsoft Corporation, L=Redmond, S=Washington, C=US","CN=Microsoft Windows, O=Microsoft Corporation, L=Redmond, S=Washington, C=US","Cmd.exe","C:\Windows\SysWOW64\cmd.exe"
"Signature verified.","Catalog","True","CN=Microsoft Windows Production PCA 2011, O=Microsoft Corporation, L=Redmond, S=Washington, C=US","CN=Microsoft Windows, O=Microsoft Corporation, L=Redmond, S=Washington, C=US","Microsoft.Workflow.Compiler.exe","C:\Windows\Microsoft.Net\Framework64\v4.0.30319\Microsoft.Workflow.Compiler.exe"
"Signature verified.","Catalog","True","CN=Microsoft Windows Production PCA 2011, O=Microsoft Corporation, L=Redmond, S=Washington, C=US","CN=Microsoft Windows, O=Microsoft Corporation, L=Redmond, S=Washington, C=US","cmdl32.exe","C:\Windows\System32\cmdl32.exe"
"Signature verified.","Catalog","True","CN=Microsoft Windows Production PCA 2011, O=Microsoft Corporation, L=Redmond, S=Washington, C=US","CN=Microsoft Windows, O=Microsoft Corporation, L=Redmond, S=Washington, C=US","cmdl32.exe","C:\Windows\SysWOW64\cmdl32.exe"
"File not found",,,,,"Runscripthelper.exe","C:\Windows\WinSxS\amd64_microsoft-windows-u..ed-telemetry-client_31bf3856ad364e35_10.0.16299.15_none_c2df1bba78111118\Runscripthelper.exe"
"File not found",,,,,"Runscripthelper.exe","C:\Windows\WinSxS\amd64_microsoft-windows-u..ed-telemetry-client_31bf3856ad364e35_10.0.16299.192_none_ad4699b571e00c4a\Runscripthelper.exe"
"Signature verified.","Catalog","True","CN=Microsoft Windows Production PCA 2011, O=Microsoft Corporation, L=Redmond, S=Washington, C=US","CN=Microsoft Windows, O=Microsoft Corporation, L=Redmond, S=Washington, C=US","PrintBrm.exe","C:\Windows\System32\spool\tools\PrintBrm.exe"
"Signature verified.","Catalog","True","CN=Microsoft Windows Production PCA 2011, O=Microsoft Corporation, L=Redmond, S=Washington, C=US","CN=Microsoft Windows, O=Microsoft Corporation, L=Redmond, S=Washington, C=US","Makecab.exe","C:\Windows\System32\makecab.exe"
"Signature verified.","Catalog","True","CN=Microsoft Windows Production PCA 2011, O=Microsoft Corporation, L=Redmond, S=Washington, C=US","CN=Microsoft Windows, O=Microsoft Corporation, L=Redmond, S=Washington, C=US","Makecab.exe","C:\Windows\SysWOW64\makecab.exe"
"Signature verified.","Catalog","True","CN=Microsoft Windows Production PCA 2011, O=Microsoft Corporation, L=Redmond, S=Washington, C=US","CN=Microsoft Windows, O=Microsoft Corporation, L=Redmond, S=Washington, C=US","Forfiles.exe","C:\Windows\System32\forfiles.exe"
"Signature verified.","Catalog","True","CN=Microsoft Windows Production PCA 2011, O=Microsoft Corporation, L=Redmond, S=Washington, C=US","CN=Microsoft Windows, O=Microsoft Corporation, L=Redmond, S=Washington, C=US","Forfiles.exe","C:\Windows\SysWOW64\forfiles.exe"
"Signature verified.","Catalog","True","CN=Microsoft Windows Production PCA 2011, O=Microsoft Corporation, L=Redmond, S=Washington, C=US","CN=Microsoft Windows, O=Microsoft Corporation, L=Redmond, S=Washington, C=US","Desktopimgdownldr.exe","c:\windows\system32\desktopimgdownldr.exe"
"Signature verified.","Catalog","True","CN=Microsoft Windows Production PCA 2011, O=Microsoft Corporation, L=Redmond, S=Washington, C=US","CN=Microsoft Windows, O=Microsoft Corporation, L=Redmond, S=Washington, C=US","Aspnet_Compiler.exe","c:\Windows\Microsoft.NET\Framework\v4.0.30319\aspnet_compiler.exe"
"Signature verified.","Catalog","True","CN=Microsoft Windows Production PCA 2011, O=Microsoft Corporation, L=Redmond, S=Washington, C=US","CN=Microsoft Windows, O=Microsoft Corporation, L=Redmond, S=Washington, C=US","Aspnet_Compiler.exe","c:\Windows\Microsoft.NET\Framework64\v4.0.30319\aspnet_compiler.exe"
"Signature verified.","Catalog","True","CN=Microsoft Windows Production PCA 2011, O=Microsoft Corporation, L=Redmond, S=Washington, C=US","CN=Microsoft Windows, O=Microsoft Corporation, L=Redmond, S=Washington, C=US","Control.exe","C:\Windows\System32\control.exe"
"Signature verified.","Catalog","True","CN=Microsoft Windows Production PCA 2011, O=Microsoft Corporation, L=Redmond, S=Washington, C=US","CN=Microsoft Windows, O=Microsoft Corporation, L=Redmond, S=Washington, C=US","Control.exe","C:\Windows\SysWOW64\control.exe"
"File not found",,,,,"Msbuild.exe","C:\Windows\Microsoft.NET\Framework\v2.0.50727\Msbuild.exe"
"File not found",,,,,"Msbuild.exe","C:\Windows\Microsoft.NET\Framework64\v2.0.50727\Msbuild.exe"
"File not found",,,,,"Msbuild.exe","C:\Windows\Microsoft.NET\Framework\v3.5\Msbuild.exe"
"File not found",,,,,"Msbuild.exe","C:\Windows\Microsoft.NET\Framework64\v3.5\Msbuild.exe"
"Signature verified.","Catalog","True","CN=Microsoft Windows Production PCA 2011, O=Microsoft Corporation, L=Redmond, S=Washington, C=US","CN=Microsoft Windows, O=Microsoft Corporation, L=Redmond, S=Washington, C=US","Msbuild.exe","C:\Windows\Microsoft.NET\Framework\v4.0.30319\Msbuild.exe"
"Signature verified.","Catalog","True","CN=Microsoft Windows Production PCA 2011, O=Microsoft Corporation, L=Redmond, S=Washington, C=US","CN=Microsoft Windows, O=Microsoft Corporation, L=Redmond, S=Washington, C=US","Msbuild.exe","C:\Windows\Microsoft.NET\Framework64\v4.0.30319\Msbuild.exe"
"File not found",,,,,"Msbuild.exe","C:\Program Files (x86)\MSBuild\14.0\bin\MSBuild.exe"
"Signature verified.","Catalog","True","CN=Microsoft Windows Production PCA 2011, O=Microsoft Corporation, L=Redmond, S=Washington, C=US","CN=Microsoft Windows, O=Microsoft Corporation, L=Redmond, S=Washington, C=US","Register-cimprovider.exe","C:\Windows\System32\Register-cimprovider.exe"
"Signature verified.","Catalog","True","CN=Microsoft Windows Production PCA 2011, O=Microsoft Corporation, L=Redmond, S=Washington, C=US","CN=Microsoft Windows, O=Microsoft Corporation, L=Redmond, S=Washington, C=US","Register-cimprovider.exe","C:\Windows\SysWOW64\Register-cimprovider.exe"
"Signature verified.","Catalog","True","CN=Microsoft Windows Production PCA 2011, O=Microsoft Corporation, L=Redmond, S=Washington, C=US","CN=Microsoft Windows, O=Microsoft Corporation, L=Redmond, S=Washington, C=US","fltMC.exe","C:\Windows\System32\fltMC.exe"
"Signature verified.","Catalog","True","CN=Microsoft Windows Production PCA 2011, O=Microsoft Corporation, L=Redmond, S=Washington, C=US","CN=Microsoft Windows, O=Microsoft Corporation, L=Redmond, S=Washington, C=US","Tttracer.exe","C:\Windows\System32\tttracer.exe"
"Signature verified.","Catalog","True","CN=Microsoft Windows Production PCA 2011, O=Microsoft Corporation, L=Redmond, S=Washington, C=US","CN=Microsoft Windows, O=Microsoft Corporation, L=Redmond, S=Washington, C=US","Tttracer.exe","C:\Windows\SysWOW64\tttracer.exe"
"Signature verified.","Catalog","True","CN=Microsoft Windows Production PCA 2011, O=Microsoft Corporation, L=Redmond, S=Washington, C=US","CN=Microsoft Windows, O=Microsoft Corporation, L=Redmond, S=Washington, C=US","Ie4uinit.exe","c:\windows\system32\ie4uinit.exe"
"File not found",,,,,"Ie4uinit.exe","c:\windows\sysWOW64\ie4uinit.exe"
"Signature verified.","Catalog","True","CN=Microsoft Windows Production PCA 2011, O=Microsoft Corporation, L=Redmond, S=Washington, C=US","CN=Microsoft Windows, O=Microsoft Corporation, L=Redmond, S=Washington, C=US","Ie4uinit.exe","c:\windows\system32\ieuinit.inf"
"Signature verified.","Catalog","True","CN=Microsoft Windows Production PCA 2011, O=Microsoft Corporation, L=Redmond, S=Washington, C=US","CN=Microsoft Windows, O=Microsoft Corporation, L=Redmond, S=Washington, C=US","Ie4uinit.exe","c:\windows\sysWOW64\ieuinit.inf"
"Signature verified.","Catalog","True","CN=Microsoft Windows Production PCA 2011, O=Microsoft Corporation, L=Redmond, S=Washington, C=US","CN=Microsoft Windows, O=Microsoft Corporation, L=Redmond, S=Washington, C=US","Sc.exe","C:\Windows\System32\sc.exe"
"Signature verified.","Catalog","True","CN=Microsoft Windows Production PCA 2011, O=Microsoft Corporation, L=Redmond, S=Washington, C=US","CN=Microsoft Windows, O=Microsoft Corporation, L=Redmond, S=Washington, C=US","Sc.exe","C:\Windows\SysWOW64\sc.exe"
"File not found",,,,,"Bash.exe","C:\Windows\System32\bash.exe"
"File not found",,,,,"Bash.exe","C:\Windows\SysWOW64\bash.exe"
"File not found",,,,,"Hh.exe","C:\Windows\System32\hh.exe"
"Signature verified.","Catalog","True","CN=Microsoft Windows Production PCA 2011, O=Microsoft Corporation, L=Redmond, S=Washington, C=US","CN=Microsoft Windows, O=Microsoft Corporation, L=Redmond, S=Washington, C=US","Hh.exe","C:\Windows\SysWOW64\hh.exe"
"Signature verified.","Catalog","True","CN=Microsoft Windows Production PCA 2011, O=Microsoft Corporation, L=Redmond, S=Washington, C=US","CN=Microsoft Windows, O=Microsoft Corporation, L=Redmond, S=Washington, C=US","SettingSyncHost.exe","C:\Windows\System32\SettingSyncHost.exe"
"Signature verified.","Catalog","True","CN=Microsoft Windows Production PCA 2011, O=Microsoft Corporation, L=Redmond, S=Washington, C=US","CN=Microsoft Windows, O=Microsoft Corporation, L=Redmond, S=Washington, C=US","SettingSyncHost.exe","C:\Windows\SysWOW64\SettingSyncHost.exe"
"Signature verified.","Catalog","True","CN=Microsoft Windows Production PCA 2011, O=Microsoft Corporation, L=Redmond, S=Washington, C=US","CN=Microsoft Windows, O=Microsoft Corporation, L=Redmond, S=Washington, C=US","Finger.exe","c:\windows\system32\finger.exe"
"Signature verified.","Catalog","True","CN=Microsoft Windows Production PCA 2011, O=Microsoft Corporation, L=Redmond, S=Washington, C=US","CN=Microsoft Windows, O=Microsoft Corporation, L=Redmond, S=Washington, C=US","Finger.exe","c:\windows\syswow64\finger.exe"
"Signature verified.","Catalog","True","CN=Microsoft Windows Production PCA 2011, O=Microsoft Corporation, L=Redmond, S=Washington, C=US","CN=Microsoft Windows, O=Microsoft Corporation, L=Redmond, S=Washington, C=US","Cmstp.exe","C:\Windows\System32\cmstp.exe"
"Signature verified.","Catalog","True","CN=Microsoft Windows Production PCA 2011, O=Microsoft Corporation, L=Redmond, S=Washington, C=US","CN=Microsoft Windows, O=Microsoft Corporation, L=Redmond, S=Washington, C=US","Cmstp.exe","C:\Windows\SysWOW64\cmstp.exe"
"Signature verified.","Catalog","True","CN=Microsoft Windows Production PCA 2011, O=Microsoft Corporation, L=Redmond, S=Washington, C=US","CN=Microsoft Windows, O=Microsoft Corporation, L=Redmond, S=Washington, C=US","Mmc.exe","C:\Windows\System32\mmc.exe"
"Signature verified.","Catalog","True","CN=Microsoft Windows Production PCA 2011, O=Microsoft Corporation, L=Redmond, S=Washington, C=US","CN=Microsoft Windows, O=Microsoft Corporation, L=Redmond, S=Washington, C=US","Mmc.exe","C:\Windows\SysWOW64\mmc.exe"
"Signature verified.","Catalog","True","CN=Microsoft Windows Production PCA 2011, O=Microsoft Corporation, L=Redmond, S=Washington, C=US","CN=Microsoft Windows, O=Microsoft Corporation, L=Redmond, S=Washington, C=US","Jsc.exe","C:\Windows\Microsoft.NET\Framework\v4.0.30319\Jsc.exe"
"Signature verified.","Catalog","True","CN=Microsoft Windows Production PCA 2011, O=Microsoft Corporation, L=Redmond, S=Washington, C=US","CN=Microsoft Windows, O=Microsoft Corporation, L=Redmond, S=Washington, C=US","Jsc.exe","C:\Windows\Microsoft.NET\Framework64\v4.0.30319\Jsc.exe"
"File not found",,,,,"Jsc.exe","C:\Windows\Microsoft.NET\Framework\v2.0.50727\Jsc.exe"
"File not found",,,,,"Jsc.exe","C:\Windows\Microsoft.NET\Framework64\v2.0.50727\Jsc.exe"
"File not found",,,,,"ConfigSecurityPolicy.exe","C:\ProgramData\Microsoft\Windows Defender\Platform\4.18.2008.9-0\ConfigSecurityPolicy.exe"
"Signature verified.","Catalog","True","CN=Microsoft Windows Production PCA 2011, O=Microsoft Corporation, L=Redmond, S=Washington, C=US","CN=Microsoft Windows, O=Microsoft Corporation, L=Redmond, S=Washington, C=US","Stordiag.exe","c:\windows\system32\stordiag.exe"
"Signature verified.","Catalog","True","CN=Microsoft Windows Production PCA 2011, O=Microsoft Corporation, L=Redmond, S=Washington, C=US","CN=Microsoft Windows, O=Microsoft Corporation, L=Redmond, S=Washington, C=US","Stordiag.exe","c:\windows\syswow64\stordiag.exe"
"Signature verified.","Catalog","True","CN=Microsoft Windows Production PCA 2011, O=Microsoft Corporation, L=Redmond, S=Washington, C=US","CN=Microsoft Windows, O=Microsoft Corporation, L=Redmond, S=Washington, C=US","Scriptrunner.exe","C:\Windows\System32\scriptrunner.exe"
"File not found",,,,,"Scriptrunner.exe","C:\Windows\SysWOW64\scriptrunner.exe"
"Signature verified.","Catalog","True","CN=Microsoft Windows Production PCA 2011, O=Microsoft Corporation, L=Redmond, S=Washington, C=US","CN=Microsoft Windows, O=Microsoft Corporation, L=Redmond, S=Washington, C=US","Odbcconf.exe","C:\Windows\System32\odbcconf.exe"
"Signature verified.","Catalog","True","CN=Microsoft Windows Production PCA 2011, O=Microsoft Corporation, L=Redmond, S=Washington, C=US","CN=Microsoft Windows, O=Microsoft Corporation, L=Redmond, S=Washington, C=US","Odbcconf.exe","C:\Windows\SysWOW64\odbcconf.exe"
"Signature verified.","Catalog","True","CN=Microsoft Windows Production PCA 2011, O=Microsoft Corporation, L=Redmond, S=Washington, C=US","CN=Microsoft Windows, O=Microsoft Corporation, L=Redmond, S=Washington, C=US","Extexport.exe","C:\Program Files\Internet Explorer\Extexport.exe"
"Signature verified.","Catalog","True","CN=Microsoft Windows Production PCA 2011, O=Microsoft Corporation, L=Redmond, S=Washington, C=US","CN=Microsoft Windows, O=Microsoft Corporation, L=Redmond, S=Washington, C=US","Extexport.exe","C:\Program Files (x86)\Internet Explorer\Extexport.exe"
"Signature verified.","Catalog","True","CN=Microsoft Windows Production PCA 2011, O=Microsoft Corporation, L=Redmond, S=Washington, C=US","CN=Microsoft Windows, O=Microsoft Corporation, L=Redmond, S=Washington, C=US","Msdt.exe","C:\Windows\System32\Msdt.exe"
"Signature verified.","Catalog","True","CN=Microsoft Windows Production PCA 2011, O=Microsoft Corporation, L=Redmond, S=Washington, C=US","CN=Microsoft Windows, O=Microsoft Corporation, L=Redmond, S=Washington, C=US","Msdt.exe","C:\Windows\SysWOW64\Msdt.exe"
"Signature verified.","Catalog","True","CN=Microsoft Windows Production PCA 2011, O=Microsoft Corporation, L=Redmond, S=Washington, C=US","CN=Microsoft Windows, O=Microsoft Corporation, L=Redmond, S=Washington, C=US","WorkFolders.exe","C:\Windows\System32\WorkFolders.exe"
"File not found",,,,,"Diskshadow.exe","C:\Windows\System32\diskshadow.exe"
"File not found",,,,,"Diskshadow.exe","C:\Windows\SysWOW64\diskshadow.exe"
"Signature verified.","Catalog","True","CN=Microsoft Windows Production PCA 2011, O=Microsoft Corporation, L=Redmond, S=Washington, C=US","CN=Microsoft Windows, O=Microsoft Corporation, L=Redmond, S=Washington, C=US","Extrac32.exe","C:\Windows\System32\extrac32.exe"
"Signature verified.","Catalog","True","CN=Microsoft Windows Production PCA 2011, O=Microsoft Corporation, L=Redmond, S=Washington, C=US","CN=Microsoft Windows, O=Microsoft Corporation, L=Redmond, S=Washington, C=US","Extrac32.exe","C:\Windows\SysWOW64\extrac32.exe"
"Signature verified.","Catalog","True","CN=Microsoft Windows Production PCA 2011, O=Microsoft Corporation, L=Redmond, S=Washington, C=US","CN=Microsoft Windows, O=Microsoft Corporation, L=Redmond, S=Washington, C=US","Eventvwr.exe","C:\Windows\System32\eventvwr.exe"
"Signature verified.","Catalog","True","CN=Microsoft Windows Production PCA 2011, O=Microsoft Corporation, L=Redmond, S=Washington, C=US","CN=Microsoft Windows, O=Microsoft Corporation, L=Redmond, S=Washington, C=US","Eventvwr.exe","C:\Windows\SysWOW64\eventvwr.exe"
"Signature verified.","Catalog","True","CN=Microsoft Windows Production PCA 2011, O=Microsoft Corporation, L=Redmond, S=Washington, C=US","CN=Microsoft Windows, O=Microsoft Corporation, L=Redmond, S=Washington, C=US","Mavinject.exe","C:\Windows\System32\mavinject.exe"
"Signature verified.","Catalog","True","CN=Microsoft Windows Production PCA 2011, O=Microsoft Corporation, L=Redmond, S=Washington, C=US","CN=Microsoft Windows, O=Microsoft Corporation, L=Redmond, S=Washington, C=US","Mavinject.exe","C:\Windows\SysWOW64\mavinject.exe"
"File not found",,,,,"Regasm.exe","C:\Windows\Microsoft.NET\Framework\v2.0.50727\regasm.exe"
"File not found",,,,,"Regasm.exe","C:\Windows\Microsoft.NET\Framework64\v2.0.50727\regasm.exe"
"Signature verified.","Catalog","True","CN=Microsoft Windows Production PCA 2011, O=Microsoft Corporation, L=Redmond, S=Washington, C=US","CN=Microsoft Windows, O=Microsoft Corporation, L=Redmond, S=Washington, C=US","Regasm.exe","C:\Windows\Microsoft.NET\Framework\v4.0.30319\regasm.exe"
"Signature verified.","Catalog","True","CN=Microsoft Windows Production PCA 2011, O=Microsoft Corporation, L=Redmond, S=Washington, C=US","CN=Microsoft Windows, O=Microsoft Corporation, L=Redmond, S=Washington, C=US","Regasm.exe","C:\Windows\Microsoft.NET\Framework64\v4.0.30319\regasm.exe"
"Signature verified.","Catalog","True","CN=Microsoft Windows Production PCA 2011, O=Microsoft Corporation, L=Redmond, S=Washington, C=US","CN=Microsoft Windows, O=Microsoft Corporation, L=Redmond, S=Washington, C=US","Gpscript.exe","C:\Windows\System32\gpscript.exe"
"Signature verified.","Catalog","True","CN=Microsoft Windows Production PCA 2011, O=Microsoft Corporation, L=Redmond, S=Washington, C=US","CN=Microsoft Windows, O=Microsoft Corporation, L=Redmond, S=Washington, C=US","Gpscript.exe","C:\Windows\SysWOW64\gpscript.exe"
"Signature verified.","Catalog","True","CN=Microsoft Windows Production PCA 2011, O=Microsoft Corporation, L=Redmond, S=Washington, C=US","CN=Microsoft Windows, O=Microsoft Corporation, L=Redmond, S=Washington, C=US","Rundll32.exe","C:\Windows\System32\rundll32.exe"
"Signature verified.","Catalog","True","CN=Microsoft Windows Production PCA 2011, O=Microsoft Corporation, L=Redmond, S=Washington, C=US","CN=Microsoft Windows, O=Microsoft Corporation, L=Redmond, S=Washington, C=US","Rundll32.exe","C:\Windows\SysWOW64\rundll32.exe"
"Signature verified.","Catalog","True","CN=Microsoft Windows Production PCA 2011, O=Microsoft Corporation, L=Redmond, S=Washington, C=US","CN=Microsoft Windows, O=Microsoft Corporation, L=Redmond, S=Washington, C=US","Regsvr32.exe","C:\Windows\System32\regsvr32.exe"
"Signature verified.","Catalog","True","CN=Microsoft Windows Production PCA 2011, O=Microsoft Corporation, L=Redmond, S=Washington, C=US","CN=Microsoft Windows, O=Microsoft Corporation, L=Redmond, S=Washington, C=US","Regsvr32.exe","C:\Windows\SysWOW64\regsvr32.exe"
"File not found",,,,,"Regedit.exe","C:\Windows\System32\regedit.exe"
"Signature verified.","Catalog","True","CN=Microsoft Windows Production PCA 2011, O=Microsoft Corporation, L=Redmond, S=Washington, C=US","CN=Microsoft Windows, O=Microsoft Corporation, L=Redmond, S=Washington, C=US","Regedit.exe","C:\Windows\SysWOW64\regedit.exe"
"Signature verified.","Catalog","True","CN=Microsoft Windows Production PCA 2011, O=Microsoft Corporation, L=Redmond, S=Washington, C=US","CN=Microsoft Windows, O=Microsoft Corporation, L=Redmond, S=Washington, C=US","Msiexec.exe","C:\Windows\System32\msiexec.exe"
"Signature verified.","Catalog","True","CN=Microsoft Windows Production PCA 2011, O=Microsoft Corporation, L=Redmond, S=Washington, C=US","CN=Microsoft Windows, O=Microsoft Corporation, L=Redmond, S=Washington, C=US","Msiexec.exe","C:\Windows\SysWOW64\msiexec.exe"
"File not found",,,,,"GfxDownloadWrapper.exe","c:\windows\system32\driverstore\filerepository\64kb6472.inf_amd64_3daef03bbe98572b\"
"File not found",,,,,"GfxDownloadWrapper.exe","c:\windows\system32\driverstore\filerepository\cui_comp.inf_amd64_0e9c57ae3396e055\"
"File not found",,,,,"GfxDownloadWrapper.exe","c:\windows\system32\driverstore\filerepository\cui_comp.inf_amd64_209bd95d56b1ac2d\"
"File not found",,,,,"GfxDownloadWrapper.exe","c:\windows\system32\driverstore\filerepository\cui_comp.inf_amd64_3fa2a843f8b7f16d\"
"File not found",,,,,"GfxDownloadWrapper.exe","c:\windows\system32\driverstore\filerepository\cui_comp.inf_amd64_85c860f05274baa0\"
"File not found",,,,,"GfxDownloadWrapper.exe","c:\windows\system32\driverstore\filerepository\cui_comp.inf_amd64_f7412e3e3404de80\"
"File not found",,,,,"GfxDownloadWrapper.exe","c:\windows\system32\driverstore\filerepository\cui_comp.inf_amd64_feb9f1cf05b0de58\"
"File not found",,,,,"GfxDownloadWrapper.exe","c:\windows\system32\driverstore\filerepository\cui_component.inf_amd64_0219cc1c7085a93f\"
"File not found",,,,,"GfxDownloadWrapper.exe","c:\windows\system32\driverstore\filerepository\cui_component.inf_amd64_df4f60b1cae9b14a\"
"File not found",,,,,"GfxDownloadWrapper.exe","c:\windows\system32\driverstore\filerepository\cui_dc_comp.inf_amd64_16eb18b0e2526e57\"
"File not found",,,,,"GfxDownloadWrapper.exe","c:\windows\system32\driverstore\filerepository\cui_dc_comp.inf_amd64_1c77f1231c19bc72\"
"File not found",,,,,"GfxDownloadWrapper.exe","c:\windows\system32\driverstore\filerepository\cui_dc_comp.inf_amd64_31c60cc38cfcca28\"
"File not found",,,,,"GfxDownloadWrapper.exe","c:\windows\system32\driverstore\filerepository\cui_dc_comp.inf_amd64_82f69cea8b2d928f\"
"File not found",,,,,"GfxDownloadWrapper.exe","c:\windows\system32\driverstore\filerepository\cui_dc_comp.inf_amd64_b4d94f3e41ceb839\"
"File not found",,,,,"GfxDownloadWrapper.exe","c:\windows\system32\driverstore\filerepository\cui_dch.inf_amd64_0606619cc97463de\"
"File not found",,,,,"GfxDownloadWrapper.exe","c:\windows\system32\driverstore\filerepository\cui_dch.inf_amd64_0e95edab338ad669\"
"File not found",,,,,"GfxDownloadWrapper.exe","c:\windows\system32\driverstore\filerepository\cui_dch.inf_amd64_22aac1442d387216\"
"File not found",,,,,"GfxDownloadWrapper.exe","c:\windows\system32\driverstore\filerepository\cui_dch.inf_amd64_2461d914696db722\"
"File not found",,,,,"GfxDownloadWrapper.exe","c:\windows\system32\driverstore\filerepository\cui_dch.inf_amd64_29d727269a34edf5\"
"File not found",,,,,"GfxDownloadWrapper.exe","c:\windows\system32\driverstore\filerepository\cui_dch.inf_amd64_2caf76dbce56546d\"
"File not found",,,,,"GfxDownloadWrapper.exe","c:\windows\system32\driverstore\filerepository\cui_dch.inf_amd64_353320edb98da643\"
"File not found",,,,,"GfxDownloadWrapper.exe","c:\windows\system32\driverstore\filerepository\cui_dch.inf_amd64_4ea0ed0af1507894\"
"File not found",,,,,"GfxDownloadWrapper.exe","c:\windows\system32\driverstore\filerepository\cui_dch.inf_amd64_56a48f4f1c2da7a7\"
"File not found",,,,,"GfxDownloadWrapper.exe","c:\windows\system32\driverstore\filerepository\cui_dch.inf_amd64_64f23fdadb76a511\"
"File not found",,,,,"GfxDownloadWrapper.exe","c:\windows\system32\driverstore\filerepository\cui_dch.inf_amd64_668dd0c6d3f9fa0e\"
"File not found",,,,,"GfxDownloadWrapper.exe","c:\windows\system32\driverstore\filerepository\cui_dch.inf_amd64_6be8e5b7f731a6e5\"
"File not found",,,,,"GfxDownloadWrapper.exe","c:\windows\system32\driverstore\filerepository\cui_dch.inf_amd64_6dad7e4e9a8fa889\"
"File not found",,,,,"GfxDownloadWrapper.exe","c:\windows\system32\driverstore\filerepository\cui_dch.inf_amd64_6df442103a1937a4\"
"File not found",,,,,"GfxDownloadWrapper.exe","c:\windows\system32\driverstore\filerepository\cui_dch.inf_amd64_767e7683f9ad126c\"
"File not found",,,,,"GfxDownloadWrapper.exe","c:\windows\system32\driverstore\filerepository\cui_dch.inf_amd64_8644298f665a12c4\"
"File not found",,,,,"GfxDownloadWrapper.exe","c:\windows\system32\driverstore\filerepository\cui_dch.inf_amd64_868acf86149aef5d\"
"File not found",,,,,"GfxDownloadWrapper.exe","c:\windows\system32\driverstore\filerepository\cui_dch.inf_amd64_92cf9d9d84f1d3db\"
"File not found",,,,,"GfxDownloadWrapper.exe","c:\windows\system32\driverstore\filerepository\cui_dch.inf_amd64_93239c65f222d453\"
"File not found",,,,,"GfxDownloadWrapper.exe","c:\windows\system32\driverstore\filerepository\cui_dch.inf_amd64_9de8154b682af864\"
"File not found",,,,,"GfxDownloadWrapper.exe","c:\windows\system32\driverstore\filerepository\cui_dch.inf_amd64_a7428663aca90897\"
"File not found",,,,,"GfxDownloadWrapper.exe","c:\windows\system32\driverstore\filerepository\cui_dch.inf_amd64_ad7cb5e55a410add\"
"File not found",,,,,"GfxDownloadWrapper.exe","c:\windows\system32\driverstore\filerepository\cui_dch.inf_amd64_afbf41cf8ab202d7\"
"File not found",,,,,"GfxDownloadWrapper.exe","c:\windows\system32\driverstore\filerepository\cui_dch.inf_amd64_d193c96475eaa96e\"
"File not found",,,,,"GfxDownloadWrapper.exe","c:\windows\system32\driverstore\filerepository\cui_dch.inf_amd64_db953c52208ada71\"
"File not found",,,,,"GfxDownloadWrapper.exe","c:\windows\system32\driverstore\filerepository\cui_dch.inf_amd64_e7523682cc7528cc\"
"File not found",,,,,"GfxDownloadWrapper.exe","c:\windows\system32\driverstore\filerepository\cui_dch.inf_amd64_e9f341319ca84274\"
"File not found",,,,,"GfxDownloadWrapper.exe","c:\windows\system32\driverstore\filerepository\cui_dch.inf_amd64_f3a64c75ee4defb7\"
"File not found",,,,,"GfxDownloadWrapper.exe","c:\windows\system32\driverstore\filerepository\cui_dch.inf_amd64_f51939e52b944f4b\"
"File not found",,,,,"GfxDownloadWrapper.exe","c:\windows\system32\driverstore\filerepository\cui_dch_comp.inf_amd64_4938423c9b9639d7\"
"File not found",,,,,"GfxDownloadWrapper.exe","c:\windows\system32\driverstore\filerepository\cui_dch_comp.inf_amd64_c8e108d4a62c59d5\"
"File not found",,,,,"GfxDownloadWrapper.exe","c:\windows\system32\driverstore\filerepository\cui_dch_comp.inf_amd64_deecec7d232ced2b\"
"File not found",,,,,"GfxDownloadWrapper.exe","c:\windows\system32\driverstore\filerepository\igdlh64.inf_amd64_01ee1299f4982efe\"
"File not found",,,,,"GfxDownloadWrapper.exe","c:\windows\system32\driverstore\filerepository\igdlh64.inf_amd64_02edfc87000937e4\"
"File not found",,,,,"GfxDownloadWrapper.exe","c:\windows\system32\driverstore\filerepository\igdlh64.inf_amd64_0541b698fc6e40b0\"
"File not found",,,,,"GfxDownloadWrapper.exe","c:\windows\system32\driverstore\filerepository\igdlh64.inf_amd64_0707757077710fff\"
"File not found",,,,,"GfxDownloadWrapper.exe","c:\windows\system32\driverstore\filerepository\igdlh64.inf_amd64_0b3e3ed3ace9602a\"
"File not found",,,,,"GfxDownloadWrapper.exe","c:\windows\system32\driverstore\filerepository\igdlh64.inf_amd64_0cff362f9dff4228\"
"File not found",,,,,"GfxDownloadWrapper.exe","c:\windows\system32\driverstore\filerepository\igdlh64.inf_amd64_16ed7d82b93e4f68\"
"File not found",,,,,"GfxDownloadWrapper.exe","c:\windows\system32\driverstore\filerepository\igdlh64.inf_amd64_1a33d2f73651d989\"
"File not found",,,,,"GfxDownloadWrapper.exe","c:\windows\system32\driverstore\filerepository\igdlh64.inf_amd64_1aca2a92a37fce23\"
"File not found",,,,,"GfxDownloadWrapper.exe","c:\windows\system32\driverstore\filerepository\igdlh64.inf_amd64_1af2dd3e4df5fd61\"
"File not found",,,,,"GfxDownloadWrapper.exe","c:\windows\system32\driverstore\filerepository\igdlh64.inf_amd64_1d571527c7083952\"
"File not found",,,,,"GfxDownloadWrapper.exe","c:\windows\system32\driverstore\filerepository\igdlh64.inf_amd64_23f7302c2b9ee813\"
"File not found",,,,,"GfxDownloadWrapper.exe","c:\windows\system32\driverstore\filerepository\igdlh64.inf_amd64_24de78387e6208e4\"
"File not found",,,,,"GfxDownloadWrapper.exe","c:\windows\system32\driverstore\filerepository\igdlh64.inf_amd64_250db833a1cd577e\"
"File not found",,,,,"GfxDownloadWrapper.exe","c:\windows\system32\driverstore\filerepository\igdlh64.inf_amd64_25e7c5a58c052bc5\"
"File not found",,,,,"GfxDownloadWrapper.exe","c:\windows\system32\driverstore\filerepository\igdlh64.inf_amd64_28d80681d3523b1c\"
"File not found",,,,,"GfxDownloadWrapper.exe","c:\windows\system32\driverstore\filerepository\igdlh64.inf_amd64_2dda3b1147a3a572\"
"File not found",,,,,"GfxDownloadWrapper.exe","c:\windows\system32\driverstore\filerepository\igdlh64.inf_amd64_31ba00ea6900d67d\"
"File not found",,,,,"GfxDownloadWrapper.exe","c:\windows\system32\driverstore\filerepository\igdlh64.inf_amd64_329877a66f240808\"
"File not found",,,,,"GfxDownloadWrapper.exe","c:\windows\system32\driverstore\filerepository\igdlh64.inf_amd64_42af9f4718aa1395\"
"File not found",,,,,"GfxDownloadWrapper.exe","c:\windows\system32\driverstore\filerepository\igdlh64.inf_amd64_4645af5c659ae51a\"
"File not found",,,,,"GfxDownloadWrapper.exe","c:\windows\system32\driverstore\filerepository\igdlh64.inf_amd64_48c2e68e54c92258\"
"File not found",,,,,"GfxDownloadWrapper.exe","c:\windows\system32\driverstore\filerepository\igdlh64.inf_amd64_48e7e903a369eae2\"
"File not found",,,,,"GfxDownloadWrapper.exe","c:\windows\system32\driverstore\filerepository\igdlh64.inf_amd64_491d20003583dabe\"
"File not found",,,,,"GfxDownloadWrapper.exe","c:\windows\system32\driverstore\filerepository\igdlh64.inf_amd64_4b34c18659561116\"
"File not found",,,,,"GfxDownloadWrapper.exe","c:\windows\system32\driverstore\filerepository\igdlh64.inf_amd64_51ce968bf19942c2\"
"File not found",,,,,"GfxDownloadWrapper.exe","c:\windows\system32\driverstore\filerepository\igdlh64.inf_amd64_555cfc07a674ecdd\"
"File not found",,,,,"GfxDownloadWrapper.exe","c:\windows\system32\driverstore\filerepository\igdlh64.inf_amd64_561bd21d54545ed3\"
"File not found",,,,,"GfxDownloadWrapper.exe","c:\windows\system32\driverstore\filerepository\igdlh64.inf_amd64_579a75f602cc2dce\"
"File not found",,,,,"GfxDownloadWrapper.exe","c:\windows\system32\driverstore\filerepository\igdlh64.inf_amd64_57f66a4f0a97f1a3\"
"File not found",,,,,"GfxDownloadWrapper.exe","c:\windows\system32\driverstore\filerepository\igdlh64.inf_amd64_587befb80671fb38\"
"File not found",,,,,"GfxDownloadWrapper.exe","c:\windows\system32\driverstore\filerepository\igdlh64.inf_amd64_62f096fe77e085c0\"
"File not found",,,,,"GfxDownloadWrapper.exe","c:\windows\system32\driverstore\filerepository\igdlh64.inf_amd64_6ae0ddbb4a38e23c\"
"File not found",,,,,"GfxDownloadWrapper.exe","c:\windows\system32\driverstore\filerepository\igdlh64.inf_amd64_6bb02522ea3fdb0d\"
"File not found",,,,,"GfxDownloadWrapper.exe","c:\windows\system32\driverstore\filerepository\igdlh64.inf_amd64_6d34ac0763025a06\"
"File not found",,,,,"GfxDownloadWrapper.exe","c:\windows\system32\driverstore\filerepository\igdlh64.inf_amd64_712b6a0adbaabc0a\"
"File not found",,,,,"GfxDownloadWrapper.exe","c:\windows\system32\driverstore\filerepository\igdlh64.inf_amd64_78b09d9681a2400f\"
"File not found",,,,,"GfxDownloadWrapper.exe","c:\windows\system32\driverstore\filerepository\igdlh64.inf_amd64_842874489af34daa\"
"File not found",,,,,"GfxDownloadWrapper.exe","c:\windows\system32\driverstore\filerepository\igdlh64.inf_amd64_88084eb1fe7cebc3\"
"File not found",,,,,"GfxDownloadWrapper.exe","c:\windows\system32\driverstore\filerepository\igdlh64.inf_amd64_89033455cb08186f\"
"File not found",,,,,"GfxDownloadWrapper.exe","c:\windows\system32\driverstore\filerepository\igdlh64.inf_amd64_8a9535cd18c90bc3\"
"File not found",,,,,"GfxDownloadWrapper.exe","c:\windows\system32\driverstore\filerepository\igdlh64.inf_amd64_8c1fc948b5a01c52\"
"File not found",,,,,"GfxDownloadWrapper.exe","c:\windows\system32\driverstore\filerepository\igdlh64.inf_amd64_9088b61921a6ff9f\"
"File not found",,,,,"GfxDownloadWrapper.exe","c:\windows\system32\driverstore\filerepository\igdlh64.inf_amd64_90f68cd0dc48b625\"
"File not found",,,,,"GfxDownloadWrapper.exe","c:\windows\system32\driverstore\filerepository\igdlh64.inf_amd64_95cb371d046d4b4c\"
"File not found",,,,,"GfxDownloadWrapper.exe","c:\windows\system32\driverstore\filerepository\igdlh64.inf_amd64_a58de0cf5f3e9dca\"
"File not found",,,,,"GfxDownloadWrapper.exe","c:\windows\system32\driverstore\filerepository\igdlh64.inf_amd64_abe9d37302f8b1ae\"
"File not found",,,,,"GfxDownloadWrapper.exe","c:\windows\system32\driverstore\filerepository\igdlh64.inf_amd64_acb3edda7b82982f\"
"File not found",,,,,"GfxDownloadWrapper.exe","c:\windows\system32\driverstore\filerepository\igdlh64.inf_amd64_aebc5a8535dd3184\"
"File not found",,,,,"GfxDownloadWrapper.exe","c:\windows\system32\driverstore\filerepository\igdlh64.inf_amd64_b5d4c82c67b39358\"
"File not found",,,,,"GfxDownloadWrapper.exe","c:\windows\system32\driverstore\filerepository\igdlh64.inf_amd64_b846bbf1e81ea3cf\"
"File not found",,,,,"GfxDownloadWrapper.exe","c:\windows\system32\driverstore\filerepository\igdlh64.inf_amd64_babb2e8b8072ff3b\"
"File not found",,,,,"GfxDownloadWrapper.exe","c:\windows\system32\driverstore\filerepository\igdlh64.inf_amd64_bc75cebf5edbbc50\"
"File not found",,,,,"GfxDownloadWrapper.exe","c:\windows\system32\driverstore\filerepository\igdlh64.inf_amd64_be91293cf20d4372\"
"File not found",,,,,"GfxDownloadWrapper.exe","c:\windows\system32\driverstore\filerepository\igdlh64.inf_amd64_c11f4d5f0bc4c592\"
"File not found",,,,,"GfxDownloadWrapper.exe","c:\windows\system32\driverstore\filerepository\igdlh64.inf_amd64_c4e5173126d31cf0\"
"File not found",,,,,"GfxDownloadWrapper.exe","c:\windows\system32\driverstore\filerepository\igdlh64.inf_amd64_c4f600ffe34acc7b\"
"File not found",,,,,"GfxDownloadWrapper.exe","c:\windows\system32\driverstore\filerepository\igdlh64.inf_amd64_c8634ed19e331cda\"
"File not found",,,,,"GfxDownloadWrapper.exe","c:\windows\system32\driverstore\filerepository\igdlh64.inf_amd64_c9081e50bcffa972\"
"File not found",,,,,"GfxDownloadWrapper.exe","c:\windows\system32\driverstore\filerepository\igdlh64.inf_amd64_ceddadac8a2b489e\"
"File not found",,,,,"GfxDownloadWrapper.exe","c:\windows\system32\driverstore\filerepository\igdlh64.inf_amd64_d4406f0ad6ec2581\"
"File not found",,,,,"GfxDownloadWrapper.exe","c:\windows\system32\driverstore\filerepository\igdlh64.inf_amd64_d5877a2e0e6374b6\"
"File not found",,,,,"GfxDownloadWrapper.exe","c:\windows\system32\driverstore\filerepository\igdlh64.inf_amd64_d8ca5f86add535ef\"
"File not found",,,,,"GfxDownloadWrapper.exe","c:\windows\system32\driverstore\filerepository\igdlh64.inf_amd64_e8abe176c7b553b5\"
"File not found",,,,,"GfxDownloadWrapper.exe","c:\windows\system32\driverstore\filerepository\igdlh64.inf_amd64_eabb3ac2c517211f\"
"File not found",,,,,"GfxDownloadWrapper.exe","c:\windows\system32\driverstore\filerepository\igdlh64.inf_amd64_f8d8be8fea71e1a0\"
"File not found",,,,,"GfxDownloadWrapper.exe","c:\windows\system32\driverstore\filerepository\igdlh64.inf_amd64_fe5e116bb07c0629\"
"File not found",,,,,"GfxDownloadWrapper.exe","c:\windows\system32\driverstore\filerepository\igdlh64.inf_amd64_fe73d2ebaa05fb95\"
"File not found",,,,,"GfxDownloadWrapper.exe","c:\windows\system32\driverstore\filerepository\igdlh64_kbl_kit127397.inf_amd64_e1da8ee9e92ccadb\"
"File not found",,,,,"GfxDownloadWrapper.exe","c:\windows\system32\driverstore\filerepository\k127153.inf_amd64_364f43f2a27f7bd7\"
"File not found",,,,,"GfxDownloadWrapper.exe","c:\windows\system32\driverstore\filerepository\k127153.inf_amd64_3f3936d8dec668b8\"
"File not found",,,,,"GfxDownloadWrapper.exe","c:\windows\system32\driverstore\filerepository\k127793.inf_amd64_3ab7883eddccbf0f\"
"File not found",,,,,"GfxDownloadWrapper.exe","c:\windows\system32\driverstore\filerepository\ki129523.inf_amd64_32947eecf8f3e231\"
"File not found",,,,,"GfxDownloadWrapper.exe","c:\windows\system32\driverstore\filerepository\ki126950.inf_amd64_fa7f56314967630d\"
"File not found",,,,,"GfxDownloadWrapper.exe","c:\windows\system32\driverstore\filerepository\ki126951.inf_amd64_94804e3918169543\"
"File not found",,,,,"GfxDownloadWrapper.exe","c:\windows\system32\driverstore\filerepository\ki126973.inf_amd64_06dde156632145e3\"
"File not found",,,,,"GfxDownloadWrapper.exe","c:\windows\system32\driverstore\filerepository\ki126974.inf_amd64_9168fc04b8275db9\"
"File not found",,,,,"GfxDownloadWrapper.exe","c:\windows\system32\driverstore\filerepository\ki127005.inf_amd64_753576c4406c1193\"
"File not found",,,,,"GfxDownloadWrapper.exe","c:\windows\system32\driverstore\filerepository\ki127018.inf_amd64_0f67ff47e9e30716\"
"File not found",,,,,"GfxDownloadWrapper.exe","c:\windows\system32\driverstore\filerepository\ki127021.inf_amd64_0d68af55c12c7c17\"
"File not found",,,,,"GfxDownloadWrapper.exe","c:\windows\system32\driverstore\filerepository\ki127171.inf_amd64_368f8c7337214025\"
"File not found",,,,,"GfxDownloadWrapper.exe","c:\windows\system32\driverstore\filerepository\ki127176.inf_amd64_86c658cabfb17c9c\"
"File not found",,,,,"GfxDownloadWrapper.exe","c:\windows\system32\driverstore\filerepository\ki127390.inf_amd64_e1ccb879ece8f084\"
"File not found",,,,,"GfxDownloadWrapper.exe","c:\windows\system32\driverstore\filerepository\ki127678.inf_amd64_8427d3a09f47dfc1\"
"File not found",,,,,"GfxDownloadWrapper.exe","c:\windows\system32\driverstore\filerepository\ki127727.inf_amd64_cf8e31692f82192e\"
"File not found",,,,,"GfxDownloadWrapper.exe","c:\windows\system32\driverstore\filerepository\ki127807.inf_amd64_fc915899816dbc5d\"
"File not found",,,,,"GfxDownloadWrapper.exe","c:\windows\system32\driverstore\filerepository\ki127850.inf_amd64_6ad8d99023b59fd5\"
"File not found",,,,,"GfxDownloadWrapper.exe","c:\windows\system32\driverstore\filerepository\ki128602.inf_amd64_6ff790822fd674ab\"
"File not found",,,,,"GfxDownloadWrapper.exe","c:\windows\system32\driverstore\filerepository\ki128916.inf_amd64_3509e1eb83b83cfb\"
"File not found",,,,,"GfxDownloadWrapper.exe","c:\windows\system32\driverstore\filerepository\ki129407.inf_amd64_f26f36ac54ce3076\"
"File not found",,,,,"GfxDownloadWrapper.exe","c:\windows\system32\driverstore\filerepository\ki129633.inf_amd64_d9b8af875f664a8c\"
"File not found",,,,,"GfxDownloadWrapper.exe","c:\windows\system32\driverstore\filerepository\ki129866.inf_amd64_e7cdca9882c16f55\"
"File not found",,,,,"GfxDownloadWrapper.exe","c:\windows\system32\driverstore\filerepository\ki130274.inf_amd64_bafd2440fa1ffdd6\"
"File not found",,,,,"GfxDownloadWrapper.exe","c:\windows\system32\driverstore\filerepository\ki130350.inf_amd64_696b7c6764071b63\"
"File not found",,,,,"GfxDownloadWrapper.exe","c:\windows\system32\driverstore\filerepository\ki130409.inf_amd64_0d8d61270dfb4560\"
"File not found",,,,,"GfxDownloadWrapper.exe","c:\windows\system32\driverstore\filerepository\ki130471.inf_amd64_26ad6921447aa568\"
"File not found",,,,,"GfxDownloadWrapper.exe","c:\windows\system32\driverstore\filerepository\ki130624.inf_amd64_d85487143eec5e1a\"
"File not found",,,,,"GfxDownloadWrapper.exe","c:\windows\system32\driverstore\filerepository\ki130825.inf_amd64_ee3ba427c553f15f\"
"File not found",,,,,"GfxDownloadWrapper.exe","c:\windows\system32\driverstore\filerepository\ki130871.inf_amd64_382f7c369d4bf777\"
"File not found",,,,,"GfxDownloadWrapper.exe","c:\windows\system32\driverstore\filerepository\ki131064.inf_amd64_5d13f27a9a9843fa\"
"File not found",,,,,"GfxDownloadWrapper.exe","c:\windows\system32\driverstore\filerepository\ki131176.inf_amd64_fb4fe914575fdd15\"
"File not found",,,,,"GfxDownloadWrapper.exe","c:\windows\system32\driverstore\filerepository\ki131191.inf_amd64_d668106cb6f2eae0\"
"File not found",,,,,"GfxDownloadWrapper.exe","c:\windows\system32\driverstore\filerepository\ki131622.inf_amd64_0058d71ace34db73\"
"File not found",,,,,"GfxDownloadWrapper.exe","c:\windows\system32\driverstore\filerepository\ki132032.inf_amd64_f29660d80998e019\"
"File not found",,,,,"GfxDownloadWrapper.exe","c:\windows\system32\driverstore\filerepository\ki132337.inf_amd64_223d6831ffa64ab1\"
"File not found",,,,,"GfxDownloadWrapper.exe","c:\windows\system32\driverstore\filerepository\ki132535.inf_amd64_7875dff189ab2fa2\"
"File not found",,,,,"GfxDownloadWrapper.exe","c:\windows\system32\driverstore\filerepository\ki132544.inf_amd64_b8c1f31373153db4\"
"File not found",,,,,"GfxDownloadWrapper.exe","c:\windows\system32\driverstore\filerepository\ki132574.inf_amd64_54c9b905b975ee55\"
"File not found",,,,,"GfxDownloadWrapper.exe","c:\windows\system32\driverstore\filerepository\ki132869.inf_amd64_052eb72d070df60f\"
"File not found",,,,,"GfxDownloadWrapper.exe","c:\windows\system32\driverstore\filerepository\kit126731.inf_amd64_1905c9d5f38631d9\"
"Signature verified.","Catalog","True","CN=Microsoft Windows Production PCA 2011, O=Microsoft Corporation, L=Redmond, S=Washington, C=US","CN=Microsoft Windows, O=Microsoft Corporation, L=Redmond, S=Washington, C=US","wuauclt.exe","C:\Windows\System32\wuauclt.exe"
"Signature verified.","Catalog","True","CN=Microsoft Windows Production PCA 2011, O=Microsoft Corporation, L=Redmond, S=Washington, C=US","CN=Microsoft Windows, O=Microsoft Corporation, L=Redmond, S=Washington, C=US","Presentationhost.exe","C:\Windows\System32\Presentationhost.exe"
"Signature verified.","Catalog","True","CN=Microsoft Windows Production PCA 2011, O=Microsoft Corporation, L=Redmond, S=Washington, C=US","CN=Microsoft Windows, O=Microsoft Corporation, L=Redmond, S=Washington, C=US","Presentationhost.exe","C:\Windows\SysWOW64\Presentationhost.exe"
"Signature verified.","Catalog","True","CN=Microsoft Windows Production PCA 2011, O=Microsoft Corporation, L=Redmond, S=Washington, C=US","CN=Microsoft Windows, O=Microsoft Corporation, L=Redmond, S=Washington, C=US","Regini.exe","C:\Windows\System32\regini.exe"
"Signature verified.","Catalog","True","CN=Microsoft Windows Production PCA 2011, O=Microsoft Corporation, L=Redmond, S=Washington, C=US","CN=Microsoft Windows, O=Microsoft Corporation, L=Redmond, S=Washington, C=US","Regini.exe","C:\Windows\SysWOW64\regini.exe"
"File not found",,,,,"MpCmdRun.exe","C:\ProgramData\Microsoft\Windows Defender\Platform\4.18.2008.4-0\MpCmdRun.exe"
"File not found",,,,,"MpCmdRun.exe","C:\ProgramData\Microsoft\Windows Defender\Platform\4.18.2008.7-0\MpCmdRun.exe"
"File not found",,,,,"MpCmdRun.exe","C:\ProgramData\Microsoft\Windows Defender\Platform\4.18.2008.9-0\MpCmdRun.exe"
"Signature verified.","Catalog","True","CN=Microsoft Windows Production PCA 2011, O=Microsoft Corporation, L=Redmond, S=Washington, C=US","CN=Microsoft Windows, O=Microsoft Corporation, L=Redmond, S=Washington, C=US","Wmic.exe","C:\Windows\System32\wbem\wmic.exe"
"Signature verified.","Catalog","True","CN=Microsoft Windows Production PCA 2011, O=Microsoft Corporation, L=Redmond, S=Washington, C=US","CN=Microsoft Windows, O=Microsoft Corporation, L=Redmond, S=Washington, C=US","Wmic.exe","C:\Windows\SysWOW64\wbem\wmic.exe"
"Signature verified.","Catalog","True","CN=Microsoft Windows Production PCA 2011, O=Microsoft Corporation, L=Redmond, S=Washington, C=US","CN=Microsoft Windows, O=Microsoft Corporation, L=Redmond, S=Washington, C=US","Runonce.exe","C:\Windows\System32\runonce.exe"
"Signature verified.","Catalog","True","CN=Microsoft Windows Production PCA 2011, O=Microsoft Corporation, L=Redmond, S=Washington, C=US","CN=Microsoft Windows, O=Microsoft Corporation, L=Redmond, S=Washington, C=US","Runonce.exe","C:\Windows\SysWOW64\runonce.exe"
"Signature verified.","Catalog","True","CN=Microsoft Windows Production PCA 2011, O=Microsoft Corporation, L=Redmond, S=Washington, C=US","CN=Microsoft Windows, O=Microsoft Corporation, L=Redmond, S=Washington, C=US","SyncAppvPublishingServer.exe","C:\Windows\System32\SyncAppvPublishingServer.exe"
"File not found",,,,,"SyncAppvPublishingServer.exe","C:\Windows\SysWOW64\SyncAppvPublishingServer.exe"
"Signature verified.","Catalog","True","CN=Microsoft Windows Production PCA 2011, O=Microsoft Corporation, L=Redmond, S=Washington, C=US","CN=Microsoft Windows, O=Microsoft Corporation, L=Redmond, S=Washington, C=US","Verclsid.exe","C:\Windows\System32\verclsid.exe"
"Signature verified.","Catalog","True","CN=Microsoft Windows Production PCA 2011, O=Microsoft Corporation, L=Redmond, S=Washington, C=US","CN=Microsoft Windows, O=Microsoft Corporation, L=Redmond, S=Washington, C=US","Verclsid.exe","C:\Windows\SysWOW64\verclsid.exe"
"Signature verified.","Catalog","True","CN=Microsoft Windows Production PCA 2011, O=Microsoft Corporation, L=Redmond, S=Washington, C=US","CN=Microsoft Windows, O=Microsoft Corporation, L=Redmond, S=Washington, C=US","Psr.exe","c:\windows\system32\psr.exe"
"Signature verified.","Catalog","True","CN=Microsoft Windows Production PCA 2011, O=Microsoft Corporation, L=Redmond, S=Washington, C=US","CN=Microsoft Windows, O=Microsoft Corporation, L=Redmond, S=Washington, C=US","Psr.exe","c:\windows\syswow64\psr.exe"
"Signature verified.","Catalog","True","CN=Microsoft Windows Production PCA 2011, O=Microsoft Corporation, L=Redmond, S=Washington, C=US","CN=Microsoft Windows, O=Microsoft Corporation, L=Redmond, S=Washington, C=US","Infdefaultinstall.exe","C:\Windows\System32\Infdefaultinstall.exe"
"Signature verified.","Catalog","True","CN=Microsoft Windows Production PCA 2011, O=Microsoft Corporation, L=Redmond, S=Washington, C=US","CN=Microsoft Windows, O=Microsoft Corporation, L=Redmond, S=Washington, C=US","Infdefaultinstall.exe","C:\Windows\SysWOW64\Infdefaultinstall.exe"
"Signature verified.","Catalog","True","CN=Microsoft Windows Production PCA 2011, O=Microsoft Corporation, L=Redmond, S=Washington, C=US","CN=Microsoft Windows, O=Microsoft Corporation, L=Redmond, S=Washington, C=US","Explorer.exe","C:\Windows\explorer.exe"
"Signature verified.","Catalog","True","CN=Microsoft Windows Production PCA 2011, O=Microsoft Corporation, L=Redmond, S=Washington, C=US","CN=Microsoft Windows, O=Microsoft Corporation, L=Redmond, S=Washington, C=US","Explorer.exe","C:\Windows\SysWOW64\explorer.exe"
"Signature verified.","Catalog","True","CN=Microsoft Windows Production PCA 2011, O=Microsoft Corporation, L=Redmond, S=Washington, C=US","CN=Microsoft Windows, O=Microsoft Corporation, L=Redmond, S=Washington, C=US","Expand.exe","C:\Windows\System32\Expand.exe"
"Signature verified.","Catalog","True","CN=Microsoft Windows Production PCA 2011, O=Microsoft Corporation, L=Redmond, S=Washington, C=US","CN=Microsoft Windows, O=Microsoft Corporation, L=Redmond, S=Washington, C=US","Expand.exe","C:\Windows\SysWOW64\Expand.exe"
"File not found",,,,,"Installutil.exe","C:\Windows\Microsoft.NET\Framework\v2.0.50727\InstallUtil.exe"
"File not found",,,,,"Installutil.exe","C:\Windows\Microsoft.NET\Framework64\v2.0.50727\InstallUtil.exe"
"Signature verified.","Catalog","True","CN=Microsoft Windows Production PCA 2011, O=Microsoft Corporation, L=Redmond, S=Washington, C=US","CN=Microsoft Windows, O=Microsoft Corporation, L=Redmond, S=Washington, C=US","Installutil.exe","C:\Windows\Microsoft.NET\Framework\v4.0.30319\InstallUtil.exe"
"Signature verified.","Catalog","True","CN=Microsoft Windows Production PCA 2011, O=Microsoft Corporation, L=Redmond, S=Washington, C=US","CN=Microsoft Windows, O=Microsoft Corporation, L=Redmond, S=Washington, C=US","Installutil.exe","C:\Windows\Microsoft.NET\Framework64\v4.0.30319\InstallUtil.exe"
"Signature verified.","Catalog","True","CN=Microsoft Windows Production PCA 2011, O=Microsoft Corporation, L=Redmond, S=Washington, C=US","CN=Microsoft Windows, O=Microsoft Corporation, L=Redmond, S=Washington, C=US","Netsh.exe","C:\WINDOWS\System32\Netsh.exe"
"Signature verified.","Catalog","True","CN=Microsoft Windows Production PCA 2011, O=Microsoft Corporation, L=Redmond, S=Washington, C=US","CN=Microsoft Windows, O=Microsoft Corporation, L=Redmond, S=Washington, C=US","Netsh.exe","C:\WINDOWS\SysWOW64\Netsh.exe"
"Signature verified.","Catalog","True","CN=Microsoft Windows Production PCA 2011, O=Microsoft Corporation, L=Redmond, S=Washington, C=US","CN=Microsoft Windows, O=Microsoft Corporation, L=Redmond, S=Washington, C=US","Wab.exe","C:\Program Files\Windows Mail\wab.exe"
"Signature verified.","Catalog","True","CN=Microsoft Windows Production PCA 2011, O=Microsoft Corporation, L=Redmond, S=Washington, C=US","CN=Microsoft Windows, O=Microsoft Corporation, L=Redmond, S=Washington, C=US","Wab.exe","C:\Program Files (x86)\Windows Mail\wab.exe"
"File not found",,,,,"Dnscmd.exe","C:\Windows\System32\Dnscmd.exe"
"File not found",,,,,"Dnscmd.exe","C:\Windows\SysWOW64\Dnscmd.exe"
"Signature verified.","Catalog","True","CN=Microsoft Windows Production PCA 2011, O=Microsoft Corporation, L=Redmond, S=Washington, C=US","CN=Microsoft Windows, O=Microsoft Corporation, L=Redmond, S=Washington, C=US","At.exe","C:\WINDOWS\System32\At.exe"
"Signature verified.","Catalog","True","CN=Microsoft Windows Production PCA 2011, O=Microsoft Corporation, L=Redmond, S=Washington, C=US","CN=Microsoft Windows, O=Microsoft Corporation, L=Redmond, S=Washington, C=US","At.exe","C:\WINDOWS\SysWOW64\At.exe"
"Signature verified.","Catalog","True","CN=Microsoft Windows Production PCA 2011, O=Microsoft Corporation, L=Redmond, S=Washington, C=US","CN=Microsoft Windows, O=Microsoft Corporation, L=Redmond, S=Washington, C=US","Pcalua.exe","C:\Windows\System32\pcalua.exe"
"Signature verified.","Catalog","True","CN=Microsoft Windows Production PCA 2011, O=Microsoft Corporation, L=Redmond, S=Washington, C=US","CN=Microsoft Windows, O=Microsoft Corporation, L=Redmond, S=Washington, C=US","Cmdkey.exe","C:\Windows\System32\cmdkey.exe"
"Signature verified.","Catalog","True","CN=Microsoft Windows Production PCA 2011, O=Microsoft Corporation, L=Redmond, S=Washington, C=US","CN=Microsoft Windows, O=Microsoft Corporation, L=Redmond, S=Washington, C=US","Cmdkey.exe","C:\Windows\SysWOW64\cmdkey.exe"
"Signature verified.","Catalog","True","CN=Microsoft Windows Production PCA 2011, O=Microsoft Corporation, L=Redmond, S=Washington, C=US","CN=Microsoft Windows, O=Microsoft Corporation, L=Redmond, S=Washington, C=US","Msconfig.exe","C:\Windows\System32\msconfig.exe"
"File not found",,,,,"Mftrace.exe","C:\Program Files (x86)\Windows Kits\10\bin\10.0.16299.0\x86"
"File not found",,,,,"Mftrace.exe","C:\Program Files (x86)\Windows Kits\10\bin\10.0.16299.0\x64"
"File not found",,,,,"Mftrace.exe","C:\Program Files (x86)\Windows Kits\10\bin\x86"
"File not found",,,,,"Mftrace.exe","C:\Program Files (x86)\Windows Kits\10\bin\x64"
"File not found",,,,,"Tracker.exe","N/A"
"File not found",,,,,"Dotnet.exe","C:\Program Files\dotnet\dotnet.exe"
"File not found",,,,,"VSIISExeLauncher.exe","C:\Program Files (x86)\Microsoft Visual Studio\2019\Community\Common7\IDE\Extensions\Microsoft\Web Tools\ProjectSystem\VSIISExeLauncher.exe"
"File not found",,,,,"SQLToolsPS.exe","C:\Program files (x86)\Microsoft SQL Server\130\Tools\Binn\sqlps.exe"
"File not found",,,,,"Dxcap.exe","C:\Windows\System32\dxcap.exe"
"File not found",,,,,"Dxcap.exe","C:\Windows\SysWOW64\dxcap.exe"
"File not found",,,,,"Appvlp.exe","C:\Program Files\Microsoft Office\root\client\appvlp.exe"
"File not found",,,,,"Appvlp.exe","C:\Program Files (x86)\Microsoft Office\root\client\appvlp.exe"
"File not found",,,,,"dnx.exe","N/A"
"File not found",,,,,"msxsl.exe","N/A"
"File not found",,,,,"VisualUiaVerifyNative.exe","c:\Program Files (x86)\Windows Kits\10\bin\[SDK version]\arm64\UIAVerify\VisualUiaVerifyNative.exe"
"File not found",,,,,"VisualUiaVerifyNative.exe","c:\Program Files (x86)\Windows Kits\10\bin\[SDK version]\x64\UIAVerify\VisualUiaVerifyNative.exe"
"File not found",,,,,"VisualUiaVerifyNative.exe","c:\Program Files (x86)\Windows Kits\10\bin\[SDK version]\UIAVerify\VisualUiaVerifyNative.exe"
"File not found",,,,,"Squirrel.exe","%localappdata%\Microsoft\Teams\current\Squirrel.exe"
"File not found",,,,,"Powerpnt.exe","C:\Program Files (x86)\Microsoft Office 16\ClientX86\Root\Office16\Powerpnt.exe"
"File not found",,,,,"Powerpnt.exe","C:\Program Files\Microsoft Office 16\ClientX64\Root\Office16\Powerpnt.exe"
"File not found",,,,,"Powerpnt.exe","C:\Program Files (x86)\Microsoft Office\Office16\Powerpnt.exe"
"File not found",,,,,"Powerpnt.exe","C:\Program Files\Microsoft Office\Office16\Powerpnt.exe"
"File not found",,,,,"Powerpnt.exe","C:\Program Files (x86)\Microsoft Office 15\ClientX86\Root\Office15\Powerpnt.exe"
"File not found",,,,,"Powerpnt.exe","C:\Program Files\Microsoft Office 15\ClientX64\Root\Office15\Powerpnt.exe"
"File not found",,,,,"Powerpnt.exe","C:\Program Files (x86)\Microsoft Office\Office15\Powerpnt.exe"
"File not found",,,,,"Powerpnt.exe","C:\Program Files\Microsoft Office\Office15\Powerpnt.exe"
"File not found",,,,,"Powerpnt.exe","C:\Program Files (x86)\Microsoft Office 14\ClientX86\Root\Office14\Powerpnt.exe"
"File not found",,,,,"Powerpnt.exe","C:\Program Files\Microsoft Office 14\ClientX64\Root\Office14\Powerpnt.exe"
"File not found",,,,,"Powerpnt.exe","C:\Program Files (x86)\Microsoft Office\Office14\Powerpnt.exe"
"File not found",,,,,"Powerpnt.exe","C:\Program Files\Microsoft Office\Office14\Powerpnt.exe"
"File not found",,,,,"Powerpnt.exe","C:\Program Files (x86)\Microsoft Office\Office12\Powerpnt.exe"
"File not found",,,,,"Powerpnt.exe","C:\Program Files\Microsoft Office\Office12\Powerpnt.exe"
"File not found",,,,,"Powerpnt.exe","C:\Program Files\Microsoft Office\Office12\Powerpnt.exe"
"File not found",,,,,"adplus.exe","C:\Program Files (x86)\Windows Kits\10\Debuggers\x64\adplus.exe"
"File not found",,,,,"adplus.exe","C:\Program Files (x86)\Windows Kits\10\Debuggers\x86\adplus.exe"
"File not found",,,,,"Excel.exe","C:\Program Files (x86)\Microsoft Office 16\ClientX86\Root\Office16\Excel.exe"
"File not found",,,,,"Excel.exe","C:\Program Files\Microsoft Office 16\ClientX64\Root\Office16\Excel.exe"
"File not found",,,,,"Excel.exe","C:\Program Files (x86)\Microsoft Office\Office16\Excel.exe"
"File not found",,,,,"Excel.exe","C:\Program Files\Microsoft Office\Office16\Excel.exe"
"File not found",,,,,"Excel.exe","C:\Program Files (x86)\Microsoft Office 15\ClientX86\Root\Office15\Excel.exe"
"File not found",,,,,"Excel.exe","C:\Program Files\Microsoft Office 15\ClientX64\Root\Office15\Excel.exe"
"File not found",,,,,"Excel.exe","C:\Program Files (x86)\Microsoft Office\Office15\Excel.exe"
"File not found",,,,,"Excel.exe","C:\Program Files\Microsoft Office\Office15\Excel.exe"
"File not found",,,,,"Excel.exe","C:\Program Files (x86)\Microsoft Office 14\ClientX86\Root\Office14\Excel.exe"
"File not found",,,,,"Excel.exe","C:\Program Files\Microsoft Office 14\ClientX64\Root\Office14\Excel.exe"
"File not found",,,,,"Excel.exe","C:\Program Files (x86)\Microsoft Office\Office14\Excel.exe"
"File not found",,,,,"Excel.exe","C:\Program Files\Microsoft Office\Office14\Excel.exe"
"File not found",,,,,"Excel.exe","C:\Program Files (x86)\Microsoft Office\Office12\Excel.exe"
"File not found",,,,,"Excel.exe","C:\Program Files\Microsoft Office\Office12\Excel.exe"
"File not found",,,,,"Excel.exe","C:\Program Files\Microsoft Office\Office12\Excel.exe"
"File not found",,,,,"Devtoolslauncher.exe","c:\windows\system32\devtoolslauncher.exe"
"Signature verified.","Catalog","True","CN=Microsoft Windows Production PCA 2011, O=Microsoft Corporation, L=Redmond, S=Washington, C=US","CN=Microsoft Windows, O=Microsoft Corporation, L=Redmond, S=Washington, C=US","Wsl.exe","C:\Windows\System32\wsl.exe"
"File not found",,,,,"vsjitdebugger.exe","c:\windows\system32\vsjitdebugger.exe"
"File not found",,,,,"Winword.exe","C:\Program Files\Microsoft Office\root\Office16\winword.exe"
"File not found",,,,,"Winword.exe","C:\Program Files (x86)\Microsoft Office 16\ClientX86\Root\Office16\winword.exe"
"File not found",,,,,"Winword.exe","C:\Program Files\Microsoft Office 16\ClientX64\Root\Office16\winword.exe"
"File not found",,,,,"Winword.exe","C:\Program Files (x86)\Microsoft Office\Office16\winword.exe"
"File not found",,,,,"Winword.exe","C:\Program Files\Microsoft Office\Office16\winword.exe"
"File not found",,,,,"Winword.exe","C:\Program Files (x86)\Microsoft Office 15\ClientX86\Root\Office15\winword.exe"
"File not found",,,,,"Winword.exe","C:\Program Files\Microsoft Office 15\ClientX64\Root\Office15\winword.exe"
"File not found",,,,,"Winword.exe","C:\Program Files (x86)\Microsoft Office\Office15\winword.exe"
"File not found",,,,,"Winword.exe","C:\Program Files\Microsoft Office\Office15\winword.exe"
"File not found",,,,,"Winword.exe","C:\Program Files (x86)\Microsoft Office 14\ClientX86\Root\Office14\winword.exe"
"File not found",,,,,"Winword.exe","C:\Program Files\Microsoft Office 14\ClientX64\Root\Office14\winword.exe"
"File not found",,,,,"Winword.exe","C:\Program Files (x86)\Microsoft Office\Office14\winword.exe"
"File not found",,,,,"Winword.exe","C:\Program Files\Microsoft Office\Office14\winword.exe"
"File not found",,,,,"Winword.exe","C:\Program Files (x86)\Microsoft Office\Office12\winword.exe"
"File not found",,,,,"Winword.exe","C:\Program Files\Microsoft Office\Office12\winword.exe"
"File not found",,,,,"Winword.exe","C:\Program Files\Microsoft Office\Office12\winword.exe"
"File not found",,,,,"AgentExecutor.exe","C:\Program Files (x86)\Microsoft Intune Management Extension"
"File not found",,,,,"Fsi.exe","C:\Program Files\dotnet\sdk\[sdk version]\FSharp\fsi.exe"
"File not found",,,,,"Fsi.exe","C:\Program Files (x86)\Microsoft Visual Studio\2019\Professional\Common7\IDE\CommonExtensions\Microsoft\FSharp\fsi.exe"
"File not found",,,,,"Sqlps.exe","C:\Program files (x86)\Microsoft SQL Server\100\Tools\Binn\sqlps.exe"
"File not found",,,,,"Sqlps.exe","C:\Program files (x86)\Microsoft SQL Server\110\Tools\Binn\sqlps.exe"
"File not found",,,,,"Sqlps.exe","C:\Program files (x86)\Microsoft SQL Server\120\Tools\Binn\sqlps.exe"
"File not found",,,,,"Sqlps.exe","C:\Program files (x86)\Microsoft SQL Server\130\Tools\Binn\sqlps.exe"
"File not found",,,,,"Wfc.exe","C:\Program Files (x86)\Microsoft SDKs\Windows\v10.0A\bin\NETFX 4.8 Tools\wfc.exe"
"File not found",,,,,"Remote.exe","C:\Program Files (x86)\Windows Kits\10\Debuggers\x64\remote.exe"
"File not found",,,,,"Remote.exe","C:\Program Files (x86)\Windows Kits\10\Debuggers\x86\remote.exe"
"File not found",,,,,"FsiAnyCpu.exe","c:\Program Files (x86)\Microsoft Visual Studio\2019\Professional\Common7\IDE\CommonExtensions\Microsoft\FSharp\fsianycpu.exe"
"File not found",,,,,"Bginfo.exe","No fixed path"
"File not found",,,,,"DefaultPack.EXE","C:\Program Files (x86)\Microsoft\DefaultPack\"
"File not found",,,,,"Procdump(64).exe","N/A"
"File not found",,,,,"Msdeploy.exe","C:\Program Files (x86)\IIS\Microsoft Web Deploy V3\msdeploy.exe"
"File not found",,,,,"Sqldumper.exe","C:\Program Files\Microsoft SQL Server\90\Shared\SQLDumper.exe"
"File not found",,,,,"Sqldumper.exe","C:\Program Files (x86)\Microsoft Office\root\vfs\ProgramFilesX86\Microsoft Analysis\AS OLEDB\140\SQLDumper.exe"
"File not found",,,,,"Update.exe","%localappdata%\Microsoft\Teams\update.exe"
"File not found",,,,,"te.exe","N/A"
"File not found",,,,,"coregen.exe","C:\Program Files\Microsoft Silverlight\5.1.50918.0\coregen.exe"
"File not found",,,,,"coregen.exe","C:\Program Files (x86)\Microsoft Silverlight\5.1.50918.0\coregen.exe"
"File not found",,,,,"rcsi.exe","N/A"
"File not found",,,,,"ntdsutil.exe","C:\Windows\System32\ntdsutil.exe"
"File not found",,,,,"csi.exe","c:\Program Files (x86)\Microsoft Visual Studio\2017\Community\MSBuild\15.0\Bin\Roslyn\csi.exe"
"File not found",,,,,"csi.exe","c:\Program Files (x86)\Microsoft Web Tools\Packages\Microsoft.Net.Compilers.X.Y.Z\tools\csi.exe"
"File not found",,,,,"Cdb.exe","C:\Program Files (x86)\Windows Kits\10\Debuggers\x64\cdb.exe"
"File not found",,,,,"Cdb.exe","C:\Program Files (x86)\Windows Kits\10\Debuggers\x86\cdb.exe"
